t_ns,type,x,y,z,yaw
1790756510719831683,pose,-0.036257822066545486,0.11332222074270248,-1.3888540267944336,0.31726905703544617
1790756510724958227,pose,-0.03597813472151756,0.11191340535879135,-1.3954932689666748,0.3128093183040619
1790756510742702178,det,-0.8448530426548642,0.25825982656931845,1.1976677404020326,0
1790756510817050899,pose,-0.03584383800625801,0.11119121313095093,-1.398856520652771,0.3105672299861908
1790756510838452158,pose,-0.03558658808469772,0.10971596091985703,-1.4056038856506348,0.3061945140361786
1790756510839893328,pose,-0.03546356409788132,0.10896386951208115,-1.4090263843536377,0.3040650486946106
1790756510873538172,det,-0.8430500979716095,0.250143144990549,1.196953556170978,0
1790756510909827591,det,-0.8422140492766556,0.2400415478899723,1.197764741853719,0
1790756510952016191,pose,-0.035344164818525314,0.1082029864192009,-1.4124888181686401,0.301933228969574
1790756510959701809,pose,-0.035228431224823,0.1074344590306282,-1.4159564971923828,0.2997898459434509
1790756510974855436,pose,-0.03512372821569443,0.1066581979393959,-1.419413685798645,0.29767900705337524
1790756510979778025,pose,-0.03502262011170387,0.10587569326162338,-1.4228864908218384,0.29560980200767517
1790756511048253417,pose,-0.03483111783862114,0.10429438948631287,-1.4298789501190186,0.2913989722728729
1790756511062589183,pose,-0.03474075347185135,0.1034969910979271,-1.4333078861236572,0.2892427146434784
1790756511073258456,pose,-0.034238364547491074,0.10250022262334824,-1.436571717262268,0.2871219515800476
1790756511104125607,det,-0.8438679738553424,0.22546311746472938,1.2051130148345248,0
1790756511140894388,det,-0.8356338887963958,0.21257016099480364,1.2008670086268427,0
1790756511195823101,pose,-0.033762671053409576,0.10149884223937988,-1.4398285150527954,0.2850283086299896
1790756511217573754,pose,-0.032875142991542816,0.09948933124542236,-1.4463927745819092,0.28085944056510925
1790756511217987284,pose,-0.03245813027024269,0.09848302602767944,-1.4496477842330933,0.27873799204826355
1790756511247264991,det,-0.8201505540284181,0.19751111814945974,1.1876334760443727,0
1790756511325897722,pose,-0.03205716237425804,0.09747566282749176,-1.4528666734695435,0.27664053440093994
1790756511328717464,pose,-0.03167075291275978,0.09646773338317871,-1.4560730457305908,0.27454501390457153
1790756511339406537,pose,-0.030937347561120987,0.09445119649171829,-1.4624834060668945,0.27045777440071106
1790756511346949698,pose,-0.030588537454605103,0.09344297647476196,-1.465727686882019,0.26846450567245483
1790756511374853596,det,-0.8038303458575614,0.18666573115143542,1.1730349706211862,0
1790756511469594702,pose,-0.02992335706949234,0.09142765402793884,-1.472344160079956,0.2645855247974396
1790756511472169704,pose,-0.029601793736219406,0.09042228013277054,-1.4757237434387207,0.2626982629299164
1790756511486429366,pose,-0.029289890080690384,0.08941823244094849,-1.4791486263275146,0.26078277826309204
1790756511512935841,det,-0.7974810679573104,0.17624153289569436,1.1673751148440386,0
1790756511584700308,pose,-0.028987258672714233,0.08841577917337418,-1.4825823307037354,0.25885912775993347
1790756511597100689,pose,-0.028189729899168015,0.08740665018558502,-1.485433578491211,0.2569776773452759
1790756511614404867,pose,-0.027413571253418922,0.08640125393867493,-1.4883226156234741,0.25512373447418213
1790756511643412095,det,-0.791005843705221,0.16517349967054662,1.162664739815151,0
1790756511723066523,pose,-0.026658156886696815,0.08539988845586777,-1.491254210472107,0.25326597690582275
1790756511723534353,pose,-0.025922827422618866,0.08440268784761429,-1.4941928386688232,0.2513678967952728
1790756511739384807,pose,-0.024568798020482063,0.08191365003585815,-1.501595139503479,0.24647565186023712
1790756511746091548,pose,-0.023888736963272095,0.08092735707759857,-1.504301905632019,0.2444683164358139
1790756511767735679,det,-0.7855316547001274,0.15405177581496482,1.159705216424339,0
1790756511852442471,pose,-0.022581985220313072,0.07896493375301361,-1.509635090827942,0.24068011343479156
1790756511862966615,pose,-0.021954428404569626,0.0779879242181778,-1.5123345851898193,0.23882830142974854
1790756511894179665,det,-0.7825917950439953,0.14552183991560144,1.1607722123025341,0
1790756511966917805,pose,-0.02134360559284687,0.07701339572668076,-1.5150812864303589,0.23700743913650513
1790756511986825155,pose,-0.020749220624566078,0.0760413333773613,-1.5178794860839844,0.23518741130828857
1790756511988354873,pose,-0.02017075940966606,0.07507185637950897,-1.5206931829452515,0.23331975936889648
1790756512003238762,pose,-0.0196077898144722,0.07410499453544617,-1.523463249206543,0.23140430450439453
1790756512038822025,det,-0.7841835741735187,0.1382197016892465,1.1664538060092278,0
1790756512106928979,pose,-0.018526913598179817,0.07217874377965927,-1.5288430452346802,0.42196738719940186
1790756512110026868,pose,-0.018034428358078003,0.07146105915307999,-1.5312466621398926,0.42012712359428406
1790756512120795372,pose,-0.017090817913413048,0.07001867145299911,-1.5361779928207397,0.41649964451789856
1790756512149544089,pose,-0.016576537862420082,0.06933170557022095,-1.5386221408843994,0.41471952199935913
1790756512175501203,det,-0.7852933499227934,0.13213738598738253,1.171238492233649,0
1790756512273597731,pose,-0.016091225668787956,0.06863373517990112,-1.541133999824524,0.4129703640937805
1790756512274006026,pose,-0.015631161630153656,0.06792718172073364,-1.543717384338379,0.4112509787082672
1790756512335525115,det,-0.7883155067915408,0.12532373151498033,1.1790583245763322,0
1790756512397921759,pose,-0.015193426981568336,0.0672139823436737,-1.5463712215423584,0.4095470905303955
1790756512401937114,pose,-0.014778107404708862,0.06650850921869278,-1.5490800142288208,0.40777894854545593
1790756512417588897,pose,-0.013899154961109161,0.06515415757894516,-1.554446816444397,0.4010862410068512
1790756512427441138,pose,-0.013501315377652645,0.06446248292922974,-1.5572155714035034,0.39774081110954285
1790756512458099441,det,-0.7945076964108703,0.1177926194480856,1.1943141624174307,0
1790756512537515165,pose,-0.01312585175037384,0.06376431882381439,-1.5600355863571167,0.3943276107311249
1790756512542438090,pose,-0.012769821099936962,0.0630614161491394,-1.5628697872161865,0.39091619849205017
1790756512557306896,pose,-0.012143935076892376,0.06210561469197273,-1.5680934190750122,0.3840433657169342
1790756512562393041,pose,-0.01186898909509182,0.061843141913414,-1.5704712867736816,0.38057973980903625
1790756512649564354,pose,-0.01160938385874033,0.06157270073890686,-1.5728780031204224,0.3771405518054962
1790756512649901692,pose,-0.011358830146491528,0.06129218637943268,-1.575334072113037,0.37292301654815674
1790756512661948605,pose,-0.010881110094487667,0.060704395174980164,-1.5803263187408447,0.3642430007457733
1790756512694511237,det,-0.7958378464505061,0.11039368900975294,1.2053651129124796,0
1790756512731911871,det,-0.7974814716083184,0.1041957917425789,1.2180050729737986,0
1790756512787147001,pose,-0.010652615688741207,0.06039829179644585,-1.5827842950820923,0.35986196994781494
1790756512797558464,pose,-0.01042983215302229,0.06008465215563774,-1.585240125656128,0.35550475120544434
1790756512803927093,pose,-0.010211776942014694,0.059763602912425995,-1.5877259969711304,0.35117679834365845
1790756512832465685,det,-0.8026463661105137,0.09606344144671783,1.2372851925330852,0
1790756512902362703,pose,-0.009997698478400707,0.05943531543016434,-1.5902551412582397,0.3468270003795624
1790756512914189913,pose,-0.009787166491150856,0.05909983068704605,-1.5928016901016235,0.34244832396507263
1790756512930600215,pose,-0.009367127902805805,0.05841824412345886,-1.597936749458313,0.3335462212562561
1790756512960100883,det,-0.804558969858244,0.08804613130037546,1.2485130502085766,0
1790756513033888273,pose,-0.009160591289401054,0.0580672025680542,-1.6005516052246094,0.3289870321750641
1790756513050291349,pose,-0.008956054225564003,0.057709380984306335,-1.603191614151001,0.32449910044670105
1790756513054493707,pose,-0.008753163740038872,0.05734480544924736,-1.6058720350265503,0.32008227705955505
1790756513070725094,pose,-0.008529433980584145,0.05732007697224617,-1.6081486940383911,0.3157409727573395
1790756513105622356,det,-0.8106855052888774,0.07982638120779317,1.264316518193637,0
1790756513185889315,pose,-0.008081535808742046,0.05723338946700096,-1.6128904819488525,0.3072757124900818
1790756513194487617,pose,-0.007871420122683048,0.05636678636074066,-1.6188395023345947,0.3010443449020386
1790756513200255423,pose,-0.007644652388989925,0.056296609342098236,-1.621403694152832,0.2960340976715088
1790756513223831395,det,-0.8161177208464638,0.06975553113897624,1.2783208565654396,0
1790756513285741273,pose,-0.007418868597596884,0.056217171251773834,-1.6239948272705078,0.2916348874568939
1790756513307076648,pose,-0.0071945819072425365,0.056129198521375656,-1.6265954971313477,0.2875484526157379
1790756513308864452,pose,-0.0069718146696686745,0.05603330209851265,-1.629225492477417,0.2837162911891937
1790756513350517257,det,-0.819173696974722,0.061232494579672794,1.2951424803341383,0
1790756513406424534,pose,-0.006750676780939102,0.05593007430434227,-1.6318957805633545,0.2798326015472412
1790756513425689590,pose,-0.006531466729938984,0.05582005903124809,-1.6346098184585571,0.2762020528316498
1790756513426752334,pose,-0.006314393598586321,0.055703841149806976,-1.637368083000183,0.2727581262588501
1790756513465661164,det,-0.8226919439508276,0.054936078414014926,1.3149632823464574,0
1790756513534828229,pose,-0.005887374747544527,0.055455565452575684,-1.6429990530014038,0.2662161588668823
1790756513549554721,pose,-0.005677707958966494,0.055326253175735474,-1.6458208560943604,0.2630678415298462
1790756513554295867,pose,-0.005471184384077787,0.05519299954175949,-1.6486414670944214,0.25984498858451843
1790756513565009610,pose,-0.004965987056493759,0.05488226190209389,-1.651816964149475,0.25671201944351196
1790756513593047089,det,-0.8235382280612505,0.050091143089817707,1.3351842030506695,0
1790756513673709506,pose,-0.004450223874300718,0.05387343093752861,-1.658492922782898,0.25199776887893677
1790756513676392574,pose,-0.003965003881603479,0.053563665598630905,-1.6615890264511108,0.2484046220779419
1790756513693234370,pose,-0.0030227850656956434,0.05293525382876396,-1.667533278465271,0.24178704619407654
1790756513712756925,det,-0.8191698032900678,0.04559499706787735,1.3482421703655998,0
1790756513791549474,pose,-0.0025652521289885044,0.05261604115366936,-1.6703667640686035,0.2387154996395111
1790756513809777722,pose,-0.0020622177980840206,0.05234628543257713,-1.6731009483337402,0.2357713282108307
1790756513811307141,pose,-0.0014695448335260153,0.05217199772596359,-1.67571222782135,0.23291000723838806
1790756513841045613,det,-0.8195949957197295,0.0426683834496354,1.370502674235184,0
1790756513923898682,pose,-0.0004170075699221343,0.05169593170285225,-1.6809858083724976,0.22685644030570984
1790756513930453339,pose,5.976238753646612e-05,0.05141119286417961,-1.6836012601852417,0.22393155097961426
1790756513942024106,pose,0.00056251953355968,0.051154520362615585,-1.6861292123794556,0.22101527452468872
1790756513950496224,pose,0.0010312641970813274,0.05086463317275047,-1.6885970830917358,0.2180742621421814
1790756513989082504,det,-0.8231928739885213,0.0396184967482193,1.3903709557802184,0
1790756514056081292,pose,0.0014725024811923504,0.05054773762822151,-1.6909868717193604,0.21519875526428223
1790756514060201695,pose,0.0017131487838923931,0.0507567934691906,-1.6925944089889526,0.21242277324199677
1790756514076977262,pose,0.00194140977691859,0.05092572420835495,-1.6942213773727417,0.20951105654239655
1790756514113638425,det,-0.8325071746142729,0.036845114947183066,1.4115414942301283,0
1790756514176244849,pose,0.0021593207493424416,0.051059700548648834,-1.6958683729171753,0.206725612282753
1790756514184667416,pose,0.002569993957877159,0.051239773631095886,-1.699211835861206,0.20153816044330597
1790756514193382072,pose,0.002764754230156541,0.051292501389980316,-1.7008965015411377,0.19906315207481384
1790756514230000491,det,-0.8407894624167868,0.03352509119162878,1.4268006928233752,0
1790756514286057321,pose,0.0030117169953882694,0.05150040611624718,-1.7023630142211914,0.19663120806217194
1790756514316651175,pose,0.0032374553848057985,0.051644954830408096,-1.703852653503418,0.1942308098077774
1790756514316978723,pose,0.003444930072873831,0.05173737555742264,-1.7053581476211548,0.19190673530101776
1790756514354189637,det,-0.8517723599202476,0.02849135147003378,1.4429141830650047,0
1790756514415918572,pose,0.0036382321268320084,0.05178796872496605,-1.7068735361099243,0.18964476883411407
1790756514428595601,pose,0.0038195240776985884,0.05180399492383003,-1.7083901166915894,0.18741710484027863
1790756514432143456,pose,0.003990557976067066,0.051791321486234665,-1.7098850011825562,0.1851903796195984
1790756514445810045,pose,0.004152575042098761,0.0517546683549881,-1.7113360166549683,0.18301095068454742
1790756514482933748,det,-0.8597401155918086,0.024027287040870995,1.4600356233308867,0
1790756514534679043,pose,0.004306548275053501,0.05169730633497238,-1.7127491235733032,0.18079811334609985
1790756514549005447,pose,0.004453340079635382,0.051621682941913605,-1.7141289710998535,0.17868289351463318
1790756514562816637,pose,0.00400224793702364,0.05142194777727127,-1.7156678438186646,0.17664572596549988
1790756514585273805,det,-0.8663907586917405,0.018962772614895474,1.4778951470358987,0
1790756514636698017,pose,0.0031666841823607683,0.05010661482810974,-1.7212462425231934,0.1703868806362152
1790756514648429058,pose,0.002743441378697753,0.049877557903528214,-1.722565770149231,0.1682186871767044
1790756514661312753,pose,0.002270091325044632,0.04975742846727371,-1.7237269878387451,0.16618612408638
1790756514664540936,pose,0.0018194483127444983,0.049600180238485336,-1.7248809337615967,0.1641874760389328
1790756514697805596,det,-0.8709721927356445,0.012649639294572915,1.4915173394256291,0
1790756514773694241,pose,0.0013878480531275272,0.049413736909627914,-1.7260055541992188,0.1621648073196411
1790756514776714592,pose,0.0009722726535983384,0.04920414835214615,-1.7270790338516235,0.16017241775989532
1790756514788290962,pose,0.0001808164524845779,0.048731498420238495,-1.7290431261062622,0.15626245737075806
1790756514815642194,det,-0.8739888538519635,0.0051635797986298426,1.5049532330558362,0
1790756514878604967,pose,-0.00019639648962765932,0.048475056886672974,-1.7299432754516602,0.15436489880084991
1790756514894565914,pose,-0.0005636189598590136,0.048205312341451645,-1.7308133840560913,0.15252313017845154
1790756514914544695,pose,-0.0009216007892973721,0.047922879457473755,-1.7316653728485107,0.15069954097270966
1790756514928988745,det,-0.8768409258438877,-0.0010419797094331168,1.5164547689815797,0
1790756514989444362,pose,-0.0017097694799304008,0.047581419348716736,-1.732675313949585,0.1470343917608261
1790756514996719630,pose,-0.002139135031029582,0.047515805810689926,-1.7328373193740845,0.14522096514701843
1790756515012364895,pose,-0.0025899249594658613,0.04750290513038635,-1.7328764200210571,0.14341561496257782
1790756515019779991,pose,-0.0030246376991271973,0.04745430871844292,-1.7329258918762207,0.14164191484451294
1790756515085428117,pose,-0.0038538211956620216,0.04726450517773628,-1.733077049255371,0.13813307881355286
1790756515095164317,pose,-0.0043321773409843445,0.047345053404569626,-1.732858657836914,0.13637106120586395
1790756515158576748,pose,-0.0047815656289458275,0.04734376445412636,-1.7327401638031006,0.13462737202644348
1790756515163184407,pose,-0.0052065239287912846,0.04727672040462494,-1.7327075004577637,0.13292385637760162
1790756515177829925,pose,-0.006019514054059982,0.04705512151122093,-1.732763648033142,0.12964171171188354
1790756515183169474,pose,-0.006408094894140959,0.04689954221248627,-1.7328598499298096,0.12805354595184326
1790756515255883920,pose,-0.006779317744076252,0.046699829399585724,-1.7330267429351807,0.12650267779827118
1790756515267118713,pose,-0.006854894105345011,0.046933554112911224,-1.7330981492996216,0.12504945695400238
1790756515272042191,pose,-0.006931420415639877,0.047116439789533615,-1.7332345247268677,0.12363312393426895
1790756515341059094,det,-0.882118878224421,-0.005973275177031477,1.525774154083585,0
1790756515396810096,pose,-0.007008885964751244,0.04725654423236847,-1.733428716659546,0.12223143875598907
1790756515398612516,det,-0.8882920307676847,-0.012465090406417838,1.5313309155922852,0
1790756515408817330,pose,-0.0071668801829218864,0.04743450880050659,-1.7339234352111816,0.11946959793567657
1790756515412283643,pose,-0.007247517816722393,0.04748187214136124,-1.734222650527954,0.11812358349561691
1790756515477710204,pose,-0.007329351734369993,0.04750634729862213,-1.7345565557479858,0.11677780002355576
1790756515481725782,pose,-0.007412511855363846,0.04751082509756088,-1.734909176826477,0.11544565856456757
1790756515506381480,pose,-0.00758383609354496,0.0474679134786129,-1.7356497049331665,0.11274281144142151
1790756515506930518,pose,-0.007671856787055731,0.04742422327399254,-1.736006736755371,0.1113102063536644
1790756515599571424,det,-0.897013682511149,-0.01913067759885761,1.5365087771931918,0
1790756515625021094,pose,-0.007761042099446058,0.04736727103590965,-1.7363733053207397,0.10990443825721741
1790756515633822922,pose,-0.00785139761865139,0.047297488898038864,-1.7367736101150513,0.10851942002773285
1790756515643203953,pose,-0.007942847907543182,0.0472155436873436,-1.7372167110443115,0.10716365277767181
1790756515670432679,det,-0.9045716950517791,-0.024876965768943667,1.5411829635367889,0
1790756515715168693,det,-0.9078573808895393,-0.029939355274092753,1.546659609827551,0
1790756515769427839,det,-0.9089426080313678,-0.03515698135340584,1.5585909443463553,0
1790756515792077606,pose,-0.008035468868911266,0.04712213948369026,-1.737707257270813,0.10583332926034927
1790756515807520743,pose,-0.008129317313432693,0.0470181368291378,-1.738248586654663,0.1045297384262085
1790756515812477339,pose,-0.008282067254185677,0.04670324921607971,-1.7384651899337769,0.10325721651315689
1790756515852583947,det,-0.9062744283943865,-0.040448338978577546,1.5674864969619733,0
1790756515898380508,det,-0.9051794825561126,-0.045475973094735535,1.5757017179409423,0
1790756515914973700,pose,-0.008589261211454868,0.04606406018137932,-1.7390886545181274,0.10075458884239197
1790756515921390682,pose,-0.008743948303163052,0.04574139416217804,-1.73945951461792,0.09938551485538483
1790756515941362194,pose,-0.008899329230189323,0.04541779309511185,-1.7398566007614136,0.09803002327680588
1790756515946348630,pose,-0.00905551202595234,0.04509353265166283,-1.7402877807617188,0.09666767716407776
1790756516000273956,pose,-0.009370530024170876,0.04444364085793495,-1.7411576509475708,0.09388677775859833
1790756516008040913,pose,-0.009529180824756622,0.044117700308561325,-1.7415653467178345,0.09249658137559891
1790756516033559337,pose,-0.009688599966466427,0.04379039630293846,-1.7419829368591309,0.09112414717674255
1790756516088427311,det,-0.9034532415431631,-0.04972495381822958,1.5821931374511031,0
1790756516166019900,pose,-0.009848750196397305,0.04346100240945816,-1.7424368858337402,0.08977051824331284
1790756516167967735,pose,-0.010172114707529545,0.04279286414384842,-1.743445873260498,0.08698267489671707
1790756516173826534,det,-0.8997554943956625,-0.054425751783649653,1.5860108590186903,0
1790756516179325620,pose,-0.010334744118154049,0.04245419800281525,-1.743949294090271,0.08553572744131088
1790756516233624460,pose,-0.0105000464245677,0.04215741902589798,-1.744342565536499,0.08406902849674225
1790756516241736990,pose,-0.01077437773346901,0.04138202220201492,-1.744348168373108,0.08258140832185745
1790756516265544322,pose,-0.011045322753489017,0.04060858115553856,-1.7443456649780273,0.08111190050840378
1790756516267818186,pose,-0.011313151568174362,0.039835114032030106,-1.744369626045227,0.07966803759336472
1790756516293812803,det,-0.8998080749949069,-0.05898884583896869,1.592417329606228,0
1790756516350643360,det,-0.9032284240134723,-0.06440954525132492,1.5981346695199363,0
1790756516368891741,pose,-0.011850710026919842,0.0382857508957386,-1.74446439743042,0.07679890841245651
1790756516375432991,pose,-0.012118306010961533,0.037506796419620514,-1.7445263862609863,0.07536472380161285
1790756516390975988,pose,-0.012381814420223236,0.036724112927913666,-1.7446330785751343,0.07394365966320038
1790756516409726771,det,-0.9068698519989224,-0.06939238467021742,1.6009753677446754,0
1790756516466477625,pose,-0.012641136534512043,0.03593548759818077,-1.7447831630706787,0.07216256111860275
1790756516481974163,pose,-0.012896731495857239,0.03514007106423378,-1.7449768781661987,0.07041583955287933
1790756516489479183,pose,-0.013397600501775742,0.03352447971701622,-1.7455683946609497,0.06703437119722366
1790756516519697553,det,-0.9106747738957328,-0.07622459246944192,1.5916761245787125,0
1790756516588132702,pose,-0.013643153943121433,0.0327029749751091,-1.7459824085235596,0.06538648903369904
1790756516596321435,pose,-0.013885896652936935,0.03187266364693642,-1.7464584112167358,0.06375964730978012
1790756516617368668,pose,-0.014363821595907211,0.03018677793443203,-1.747581124305725,0.06062031537294388
1790756516622677098,pose,-0.014470646157860756,0.02965846285223961,-1.7477363348007202,0.05910848453640938
1790756516657332542,det,-0.9186075932546381,-0.08228240438142796,1.5909671307274518,0
1790756516723072746,pose,-0.014680420979857445,0.028560081496834755,-1.7483149766921997,0.056211523711681366
1790756516733588968,pose,-0.014783945865929127,0.027991559356451035,-1.7487386465072632,0.05483274161815643
1790756516761395553,det,-0.9201688922024107,-0.08785145000952264,1.5878359050629383,0
1790756516814211741,pose,-0.014978663995862007,0.02670990116894245,-1.7507359981536865,0.05293293669819832
1790756516827751279,pose,-0.01508092600852251,0.026118984445929527,-1.751381278038025,0.05140535905957222
1790756516840004283,pose,-0.015182732604444027,0.025521421805024147,-1.75209641456604,0.050019484013319016
1790756516849095822,pose,-0.015284032560884953,0.024918608367443085,-1.7528823614120483,0.048727575689554214
1790756516886182199,det,-0.9138546047500707,-0.09203326322275801,1.58084048129428,0
1790756516932027064,pose,-0.015384961850941181,0.024312077090144157,-1.7537157535552979,0.04748379811644554
1790756516942850900,pose,-0.015586321242153645,0.02309420518577099,-1.7553977966308594,0.0451061837375164
1790756516954030745,pose,-0.01568651758134365,0.022484352812170982,-1.7562514543533325,0.04368296638131142
1790756516997111277,det,-0.9093719525979644,-0.09586451067186406,1.589323477145538,0
1790756517054013275,pose,-0.015786336734890938,0.021874167025089264,-1.7571420669555664,0.04232289642095566
1790756517074839038,pose,-0.01608368009328842,0.020045939832925797,-1.7601231336593628,0.03855214640498161
1790756517083110677,pose,-0.015855642035603523,0.02007182687520981,-1.7614960670471191,0.03736546263098717
1790756517257251097,det,-0.8953105079875237,-0.09860387218234495,1.5908694054970485,0
1790756517259503582,pose,-0.0156326312571764,0.0200875885784626,-1.7628753185272217,0.036225806921720505
1790756517264796065,pose,-0.015414442867040634,0.020094241946935654,-1.7642796039581299,0.03513626009225845
1790756517273608019,pose,-0.015201343223452568,0.020091786980628967,-1.7657203674316406,0.03409900888800621
1790756517339760977,pose,-0.014992878772318363,0.02008158713579178,-1.7672010660171509,0.03308343142271042
1790756517345752515,pose,-0.01483089104294777,0.019750941544771194,-1.7695997953414917,0.03224693238735199
1790756517365551323,pose,-0.014632008038461208,0.019731486216187477,-1.7711231708526611,0.031105976551771164
1790756517372879779,pose,-0.014366799965500832,0.019878128543496132,-1.7725403308868408,0.030092494562268257
1790756517424168973,det,-0.882571008525781,-0.1009340770869911,1.5908011821745793,0
1790756517506858834,pose,-0.013895847834646702,0.020037777721881866,-1.7755337953567505,0.028287837281823158
1790756517508864408,pose,-0.013683030381798744,0.020069867372512817,-1.7771114110946655,0.02752067707479
1790756517513085942,det,-0.8794665902428755,-0.10431345197997059,1.6077868959895039,0
1790756517517586248,pose,-0.013482050970196724,0.020079240202903748,-1.7787413597106934,0.026735901832580566
1790756517557785129,det,-0.875410853496411,-0.10670654504334155,1.6187219319701918,0
1790756517611130233,pose,-0.013290299102663994,0.0200723335146904,-1.7804210186004639,0.026048529893159866
1790756517623087022,pose,-0.01310710608959198,0.02005184441804886,-1.7821481227874756,0.025684749707579613
1790756517630745001,pose,-0.012931447476148605,0.020020967349410057,-1.7839202880859375,0.025379637256264687
1790756517640952064,pose,-0.012226074002683163,0.021340573206543922,-1.7878916263580322,0.02489284984767437
1790756517703840853,pose,-0.011887396685779095,0.021965494379401207,-1.789862036705017,0.024696109816432
1790756517717876169,pose,-0.011557011865079403,0.02257087640464306,-1.7918111085891724,0.024548223242163658
1790756517723674293,pose,-0.011234268546104431,0.023158889263868332,-1.793760061264038,0.02445107325911522
1790756517782074938,pose,-0.010918672196567059,0.0237310528755188,-1.7957204580307007,0.02438700571656227
1790756517794737411,pose,-0.010609510354697704,0.024288389831781387,-1.797669768333435,0.02433437667787075
1790756517801601205,pose,-0.010009944438934326,0.025360768660902977,-1.801442265510559,0.02456648088991642
1790756517836095942,det,-0.8683478185465399,-0.10779966525466449,1.6234101679425161,0
1790756517896027460,det,-0.8610919230709191,-0.10785278135970315,1.6256421489043955,0
1790756517914586763,pose,-0.009675107896327972,0.025997359305620193,-1.8032420873641968,0.024723393842577934
1790756517934298666,pose,-0.00935591571033001,0.026590917259454727,-1.80502450466156,0.024917732924222946
1790756517934741673,pose,-0.009049931541085243,0.0271478109061718,-1.8068122863769531,0.025159938260912895
1790756517957542513,pose,-0.008469992317259312,0.028170064091682434,-1.8104236125946045,0.02572355419397354
1790756517971528824,det,-0.8541077244131223,-0.10770808107476432,1.6256984566589765,0
1790756518016268386,det,-0.8512527449630233,-0.10748514455738901,1.6273871207718615,0
1790756518067107176,pose,-0.0075181941501796246,0.02880404330790043,-1.8110250234603882,0.02603464014828205
1790756518079259933,pose,-0.006617079954594374,0.029385514557361603,-1.8116729259490967,0.02616058476269245
1790756518098240982,pose,-0.005758909974247217,0.02992258220911026,-1.8123799562454224,0.026329509913921356
1790756518123314305,det,-0.8541931623751677,-0.10739545434449027,1.6316097892804209,0
1790756518174755089,pose,-0.004148188047111034,0.030886651948094368,-1.8139901161193848,0.026788819581270218
1790756518183836017,pose,-0.0033870560582727194,0.031322233378887177,-1.814893364906311,0.027072155848145485
1790756518193606509,pose,-0.002651398768648505,0.031731218099594116,-1.8158584833145142,0.027372902259230614
1790756518211115220,det,-0.861778559368157,-0.10771575304096105,1.6378588464813852,0
1790756518269502976,pose,-0.0019390926463529468,0.032116249203681946,-1.8168646097183228,0.027688508853316307
1790756518279691152,pose,-0.0005771430442109704,0.032822251319885254,-1.818974494934082,0.028407195582985878
1790756518290148302,pose,7.529871072620153e-05,0.03314545005559921,-1.820093035697937,0.02881009504199028
1790756518310125093,det,-0.8721901804516076,-0.10808797186470423,1.6439176307426473,0
1790756518375900626,pose,0.0007859787438064814,0.03354257717728615,-1.8211508989334106,0.02932298555970192
1790756518389788646,pose,0.002105726394802332,0.034221526235342026,-1.8234846591949463,0.030429920181632042
1790756518397898617,pose,0.002723455661907792,0.03451456502079964,-1.8247458934783936,0.03099861554801464
1790756518406586606,pose,0.0034169594291597605,0.035751473158597946,-1.8261198997497559,0.031572628766298294
1790756518428062458,det,-0.878915309430949,-0.10759315338746515,1.648186960265981,0
1790756518490360772,pose,0.004084200132638216,0.03693775832653046,-1.8275153636932373,0.032171688973903656
1790756518501287197,pose,0.0047273230738937855,0.03807860612869263,-1.8289403915405273,0.03278588131070137
1790756518521555105,pose,0.005948640406131744,0.04024111479520798,-1.8318711519241333,0.03412366285920143
1790756518547618395,det,-0.8833924125884657,-0.1059931104126372,1.654564439308685,0
1790756518597556077,pose,0.00652946624904871,0.04126911237835884,-1.833329200744629,0.03483874350786209
1790756518609913021,pose,0.0070918165147304535,0.04226484149694443,-1.8347746133804321,0.0355708971619606
1790756518617787241,pose,0.007636574096977711,0.0432298444211483,-1.8362284898757935,0.03631928190588951
1790756518674342293,pose,0.00867698434740305,0.04507269710302353,-1.8392057418823242,0.03784794732928276
1790756518705464403,pose,0.009655377827584743,0.04680771753191948,-1.8422385454177856,0.0393938384950161
1790756518705932126,pose,0.010122579522430897,0.0476369708776474,-1.8437741994857788,0.04018806293606758
1790756518717672641,pose,0.010575688444077969,0.04844179004430771,-1.8453344106674194,0.04107896611094475
1790756518751837628,det,-0.8834519907268149,-0.1036742241658233,1.6600195224075545,0
1790756518814774319,det,-0.8808386090204693,-0.10065069721448366,1.6617713010820214,0
1790756518823163559,pose,0.011015075258910656,0.04922284558415413,-1.8469223976135254,0.041980817914009094
1790756518835566462,pose,0.011440977454185486,0.049980852752923965,-1.8485395908355713,0.04289732873439789
1790756518844969245,pose,0.01182515174150467,0.05128350108861923,-1.8502638339996338,0.04381094500422478
1790756518898619168,pose,0.012556284666061401,0.05379157140851021,-1.8537310361862183,0.04562327265739441
1790756518905411746,pose,0.012903528288006783,0.05499888211488724,-1.8554760217666626,0.046537913382053375
1790756518917535278,pose,0.013238863088190556,0.056175824254751205,-1.8572381734848022,0.04745863005518913
1790756518978926360,pose,0.013562626205384731,0.057322993874549866,-1.8590199947357178,0.04837062209844589
1790756518994028959,pose,0.013875144533813,0.058441296219825745,-1.8608057498931885,0.04927163943648338
1790756518995880039,pose,0.014176434837281704,0.05953151732683182,-1.8625876903533936,0.050266385078430176
1790756519045653979,det,-0.8821611976862062,-0.09800126067346912,1.667388796025948,0
1790756519093581457,det,-0.8849276752572763,-0.09534072433940906,1.675112840506045,0
1790756519126305665,pose,0.014745960012078285,0.06162916496396065,-1.8661656379699707,0.05223071575164795
1790756519128314055,pose,0.01501454133540392,0.06263751536607742,-1.8679614067077637,0.053209785372018814
1790756519142266723,pose,0.015272820368409157,0.06361949443817139,-1.8697705268859863,0.0541878379881382
1790756519149865289,pose,0.015758967027068138,0.06550633162260056,-1.8734182119369507,0.05607520788908005
1790756519166633645,det,-0.8864158406112196,-0.09290945543592678,1.6821719591930209,0
1790756519216344763,pose,0.015987128019332886,0.06641241908073425,-1.8752139806747437,0.0569782592356205
1790756519229925671,pose,0.016205132007598877,0.06729239225387573,-1.8769844770431519,0.057876452803611755
1790756519236480673,pose,0.016017114743590355,0.06832600384950638,-1.878596305847168,0.058735571801662445
1790756519271675888,det,-0.8874045711841786,-0.08911998215425562,1.6899829009548586,0
1790756519314533217,det,-0.8882519993161484,-0.0857358553161666,1.6955776578625295,0
1790756519342520885,pose,0.01582827791571617,0.06932883709669113,-1.8802168369293213,0.059587325900793076
1790756519357254338,pose,0.015448231250047684,0.07124407589435577,-1.8834211826324463,0.061168402433395386
1790756519370316901,pose,0.01525704376399517,0.07215747237205505,-1.8849693536758423,0.06191285699605942
1790756519396061555,det,-0.8890964472528715,-0.08265972326554151,1.6997610305525541,0
1790756519462649210,pose,0.01506518479436636,0.073041170835495,-1.886487364768982,0.06267063319683075
1790756519469132592,pose,0.014872733503580093,0.07389474660158157,-1.8879830837249756,0.06340161710977554
1790756519489580369,pose,0.014679871499538422,0.07471738010644913,-1.8894777297973633,0.06411225348711014
1790756519529448019,det,-0.8918531213953221,-0.08078104697817427,1.7038541589971394,0
1790756519586429006,pose,0.014486505649983883,0.07550691813230515,-1.8909759521484375,0.06478074193000793
1790756519598123825,pose,0.014099229127168655,0.07699285447597504,-1.893907070159912,0.06592215597629547
1790756519606803554,pose,0.01390534546226263,0.0776887983083725,-1.8953468799591064,0.06647298485040665
1790756519614459786,pose,0.013711515814065933,0.07835260778665543,-1.8967856168746948,0.06698678433895111
1790756519631897109,det,-0.9003204276496775,-0.0815646168080431,1.710056980785545,0
1790756519701842964,pose,0.013517805375158787,0.07898455113172531,-1.8982058763504028,0.0674719586968422
1790756519716972913,pose,0.0133243752643466,0.07958457618951797,-1.8996092081069946,0.06793082505464554
1790756519724856013,pose,0.01296406053006649,0.07961073517799377,-1.901056170463562,0.06836631149053574
1790756519762070289,det,-0.9075666709855135,-0.08213357696868782,1.71107684940067,0
1790756519832816655,pose,0.012606759555637836,0.07961445301771164,-1.9024863243103027,0.06879084557294846
1790756519841650385,pose,0.01190104614943266,0.07955177128314972,-1.9052983522415161,0.06964673846960068
1790756519853470118,pose,0.011552703566849232,0.07948380708694458,-1.906700849533081,0.07006383687257767
1790756519919196258,pose,0.01120748370885849,0.0793905034661293,-1.9081178903579712,0.07047591358423233
1790756519920902233,pose,0.010865295305848122,0.0792715772986412,-1.9095559120178223,0.07088231295347214
1790756519945693187,pose,0.010178857482969761,0.07902028411626816,-1.9124654531478882,0.07167527824640274
1790756519949156795,pose,0.009836744517087936,0.0788726955652237,-1.9139446020126343,0.07203717529773712
1790756519979817927,det,-0.9130858413341867,-0.08242426895001917,1.7079416619656422,0
1790756520052705418,det,-0.9174642977477128,-0.0812030619194812,1.7046560252197245,0
1790756520096528193,pose,0.00949939712882042,0.07868902385234833,-1.9154303073883057,0.07237692922353745
1790756520097005341,pose,0.009165776893496513,0.07847296446561813,-1.916917324066162,0.07277372479438782
1790756520119631293,pose,0.008835503831505775,0.07822670787572861,-1.9184179306030273,0.07316331565380096
1790756520156630244,det,-0.9203063178351867,-0.08045492061821784,1.7044249755047003,0
1790756520219541656,pose,0.00850836094468832,0.07795209437608719,-1.9199392795562744,0.07354965060949326
1790756520230986033,pose,0.008184179663658142,0.07765080779790878,-1.921483039855957,0.07391782104969025
1790756520239763905,pose,0.008154516108334064,0.07754990458488464,-1.9230316877365112,0.07424729317426682
1790756520245111837,pose,0.008120009675621986,0.07742105424404144,-1.9245628118515015,0.0745510458946228
1790756520286898692,det,-0.9206539597816374,-0.08120109578272543,1.7083009304518393,0
1790756520339763851,pose,0.008080913685262203,0.07726577669382095,-1.9260787963867188,0.07484927028417587
1790756520356110523,pose,0.008037684485316277,0.07708483189344406,-1.9275968074798584,0.07512876391410828
1790756520366126960,pose,0.007990172132849693,0.07687950879335403,-1.9291090965270996,0.07537088543176651
1790756520385158568,det,-0.9193503381572123,-0.07993423738808421,1.7177020429637149,0
1790756520458851310,pose,0.007884700782597065,0.07640141248703003,-1.932056188583374,0.07572294026613235
1790756520471138929,pose,0.007827553898096085,0.0761294811964035,-1.9335170984268188,0.0758947879076004
1790756520481967528,pose,0.007437746040523052,0.07411055266857147,-1.9395873546600342,0.07636579126119614
1790756520515210230,det,-0.9135071917928248,-0.07974452588051284,1.7217956933032266,0
1790756520581886927,pose,0.0073775299824774265,0.07376950234174728,-1.9410814046859741,0.07655271142721176
1790756520592259128,pose,0.007315180264413357,0.0734097808599472,-1.9425933361053467,0.07672179490327835
1790756520609434069,pose,0.007184464484453201,0.07263731956481934,-1.945680022239685,0.07703220844268799
1790756520611870084,pose,0.007116175256669521,0.0722280740737915,-1.9472557306289673,0.07718203961849213
1790756520637778572,det,-0.9083232156323738,-0.07985191493270705,1.723627455273785,0
1790756520703268361,pose,0.00704610301181674,0.0718040019273758,-1.9488532543182373,0.07733670622110367
1790756520714076842,pose,0.006776324473321438,0.07059165090322495,-1.9520018100738525,0.07763144373893738
1790756520723490741,pose,0.006580800749361515,0.06981248408555984,-1.9535382986068726,0.07776573300361633
1790756520765645848,det,-0.9034181263305222,-0.08031064509221487,1.7295648646100321,0
1790756520816805171,pose,0.006387191824615002,0.06902964413166046,-1.9550740718841553,0.07789794355630875
1790756520822136417,pose,0.006195415742695332,0.06824369728565216,-1.9566174745559692,0.0780283510684967
1790756520834696090,pose,0.005817639175802469,0.06666531413793564,-1.959743618965149,0.0782737284898758
1790756520894005559,det,-0.8970094698082748,-0.08059207578963923,1.735667614582128,0
1790756520925557463,pose,0.0056314533576369286,0.06587417423725128,-1.9613146781921387,0.07843467593193054
1790756520944977102,pose,0.005446734372526407,0.06508234888315201,-1.9628808498382568,0.07859532535076141
1790756520950526980,pose,0.005081480834633112,0.0634973868727684,-1.966032862663269,0.07891175895929337
1790756520977698098,det,-0.8904043032687483,-0.08048625939985934,1.7475195417398102,0
1790756521027688674,pose,0.004900929518043995,0.0627049133181572,-1.967625617980957,0.07907313853502274
1790756521049627104,pose,0.004766812082380056,0.06214042007923126,-1.9689316749572754,0.07923642545938492
1790756521050104381,pose,0.0046197474002838135,0.061499569565057755,-1.9703384637832642,0.07941519469022751
1790756521060780547,pose,0.004338499158620834,0.06097540259361267,-1.9707329273223877,0.07961267977952957
1790756521082094114,det,-0.8870616610823416,-0.07989397180057671,1.7649197165367287,0
1790756521135122270,pose,0.004061505198478699,0.06040430814027786,-1.9712682962417603,0.07979728281497955
1790756521145058693,pose,0.0037888430524617434,0.05980023369193077,-1.9719157218933105,0.07998410612344742
1790756521156950603,pose,0.0035201930440962315,0.059172943234443665,-1.9726569652557373,0.08017128705978394
1790756521179678650,det,-0.8853485005019048,-0.08154340476461344,1.7870604467475488,0
1790756521235548015,pose,0.0029936248902231455,0.05787463113665581,-1.9743555784225464,0.08052124083042145
1790756521243105070,pose,0.0027350245509296656,0.05721262842416763,-1.9752707481384277,0.080674909055233
1790756521255776755,pose,0.002479043323546648,0.05654621869325638,-1.976212501525879,0.08080337196588516
1790756521322140717,pose,0.0019755850080400705,0.05520655959844589,-1.97813880443573,0.08106660097837448
1790756521350545294,pose,0.0017273116391152143,0.05453585088253021,-1.9791368246078491,0.08120892196893692
1790756521350942982,pose,0.0014813957968726754,0.05386557802557945,-1.9801636934280396,0.08135379105806351
1790756521423960441,det,-0.870918520503719,-0.08040347194600098,1.7826066295654077,0
1790756521483014827,det,-0.8632959041054977,-0.0805626150814326,1.791133585489263,0
1790756521493528393,pose,0.001237664488144219,0.05319630727171898,-1.9812201261520386,0.08150050789117813
1790756521509819841,pose,0.0009962095646187663,0.05252838507294655,-1.982305884361267,0.08164975047111511
1790756521512458213,pose,0.0007568524451926351,0.0518622025847435,-1.9834203720092773,0.0818205252289772
1790756521522549927,pose,-9.269278962165117e-05,0.051632482558488846,-1.98483145236969,0.08198503404855728
1790756521576361493,det,-0.8595831925557028,-0.08145855543396746,1.800480396910072,0
1790756521614890058,pose,-0.0009240813087671995,0.051395855844020844,-1.9862606525421143,0.0821373239159584
1790756521631422368,pose,-0.0017383999656885862,0.051153965294361115,-1.9876946210861206,0.08226869255304337
1790756521637545251,pose,-0.002536502666771412,0.05090701952576637,-1.9891291856765747,0.08239752054214478
1790756521671377451,det,-0.8617816346288703,-0.08314951750980196,1.8150414469273717,0
1790756521718365177,pose,-0.0033190532121807337,0.05065558850765228,-1.9905736446380615,0.08253657072782516
1790756521730073775,pose,-0.0040866415947675705,0.05040009319782257,-1.9920313358306885,0.08266781270503998
1790756521738455779,pose,-0.00557877728715539,0.04987850412726402,-1.9949908256530762,0.08293882012367249
1790756521795890641,det,-0.8559475796380469,-0.08314809484400686,1.8159509146734107,0
1790756521826869833,pose,-0.00630433764308691,0.049613337963819504,-1.996491551399231,0.08306378126144409
1790756521840589044,pose,-0.007017001509666443,0.0493459552526474,-1.997995376586914,0.08318087458610535
1790756521849408559,pose,-0.008479507640004158,0.04854913428425789,-2.001866579055786,0.08340996503829956
1790756521866196708,pose,-0.009155808947980404,0.048280633985996246,-2.0033817291259766,0.08356182277202606
1790756521897701352,det,-0.8525340356897011,-0.08338748105206377,1.817676740312024,0
1790756521954607831,pose,-0.010474798269569874,0.0477413646876812,-2.0063273906707764,0.08375787734985352
1790756521964245201,pose,-0.011117862537503242,0.04747066646814346,-2.0077574253082275,0.08383066207170486
1790756521975220979,pose,-0.011521812528371811,0.04700162261724472,-2.0096869468688965,0.08389586210250854
1790756522015462521,det,-0.8500320662943613,-0.08388334217397779,1.823761347596168,0
1790756522059782669,pose,-0.011939110234379768,0.04657654091715813,-2.011597156524658,0.08395181596279144
1790756522077024279,pose,-0.01234650332480669,0.04614701494574547,-2.0134968757629395,0.08400890231132507
1790756522082042340,pose,-0.012744783423841,0.04571367800235748,-2.0153908729553223,0.08406698703765869
1790756522115456694,det,-0.8471949561927825,-0.08452412648282785,1.8273698414195543,0
1790756522174903982,pose,-0.013517513871192932,0.04484377056360245,-2.0191681385040283,0.08417779952287674
1790756522185819891,pose,-0.013909040950238705,0.04444839432835579,-2.0210516452789307,0.08423710614442825
1790756522195008434,pose,-0.014290085062384605,0.04404408112168312,-2.022934913635254,0.08429709821939468
1790756522203686635,pose,-0.01466199941933155,0.04363398253917694,-2.0248165130615234,0.08434892445802689
1790756522269158494,pose,-0.015407588332891464,0.042876653373241425,-2.0285050868988037,0.0843760147690773
1790756522282464343,pose,-0.015765521675348282,0.04248464107513428,-2.030294418334961,0.08436351269483566
1790756522286869597,pose,-0.016115237027406693,0.04208666831254959,-2.032045364379883,0.08434121310710907
1790756522323123776,det,-0.8486722844623973,-0.08640481450457081,1.8329024327616807,0
1790756522381757257,det,-0.8492320619506629,-0.08796649946517753,1.8357270686364486,0
1790756522403804516,pose,-0.015843449160456657,0.04139626771211624,-2.0352210998535156,0.08428844809532166
1790756522417872795,pose,-0.015731289982795715,0.04103583097457886,-2.036799669265747,0.084260955452919
1790756522437803054,pose,-0.01563112623989582,0.04066867008805275,-2.038379430770874,0.08423293381929398
1790756522495406811,det,-0.8501268896262221,-0.08930181393142542,1.843934889823948,0
1790756522542570505,pose,-0.01554093323647976,0.04029656946659088,-2.0399582386016846,0.08419374376535416
1790756522552718217,pose,-0.015384877100586891,0.039543088525533676,-2.043102741241455,0.08412047475576401
1790756522562424643,pose,-0.015316634438931942,0.039163511246442795,-2.0446760654449463,0.08406642824411392
1790756522571587964,pose,-0.01525361929088831,0.03878305107355118,-2.0462522506713867,0.08401563763618469
1790756522634620646,pose,-0.015195205807685852,0.03840228542685509,-2.0478310585021973,0.08396747708320618
1790756522654956829,pose,-0.015140862204134464,0.038021720945835114,-2.0494117736816406,0.08392289280891418
1790756522660446290,pose,-0.015090305358171463,0.037641916424036026,-2.0509917736053467,0.08385694772005081
1790756522689848773,det,-0.850347885888786,-0.09057298518482725,1.8417499175121632,0
1790756522740126950,det,-0.8514721324743323,-0.09273121751563707,1.8414025389489266,0
1790756522777799953,pose,-0.014999933540821075,0.03688691183924675,-2.054065465927124,0.08364971727132797
1790756522793616516,pose,-0.014959476888179779,0.0365121103823185,-2.0555598735809326,0.0835437923669815
1790756522798676668,pose,-0.014921743422746658,0.036139342933893204,-2.05704402923584,0.08343964070081711
1790756522818983328,det,-0.8524846956599872,-0.09448323723089848,1.8445103593677394,0
1790756522879686239,pose,-0.014886118471622467,0.03576771914958954,-2.058526039123535,0.08334596455097198
1790756522890172369,pose,-0.014718946069478989,0.03528601676225662,-2.0595996379852295,0.08325444906949997
1790756522898629661,pose,-0.014555368572473526,0.034802552312612534,-2.060683250427246,0.08316567540168762
1790756522925829313,pose,-0.014395256526768208,0.03431776165962219,-2.061756134033203,0.08305970579385757
1790756522941359129,det,-0.8518180413694578,-0.09591288008006783,1.8519138125796317,0
1790756522996036766,pose,-0.014238438569009304,0.033831920474767685,-2.0628151893615723,0.08295278251171112
1790756523004358747,pose,-0.013933911919593811,0.03285583108663559,-2.064939498901367,0.08274182677268982
1790756523016040989,pose,-0.013786173425614834,0.03236423805356026,-2.0660104751586914,0.08261594921350479
1790756523075217570,pose,-0.013641205616295338,0.03187118470668793,-2.0670735836029053,0.08249079436063766
1790756523089880419,pose,-0.01349877379834652,0.03137662634253502,-2.068134307861328,0.08237113058567047
1790756523101984312,pose,-0.013220666907727718,0.030382463708519936,-2.07027530670166,0.0821428894996643
1790756523131521632,det,-0.8496898855935048,-0.09748722096238309,1.8538905514781014,0
1790756523183510879,det,-0.8444281375833985,-0.09851113379715797,1.8515896812636328,0
1790756523222123023,pose,-0.013084673322737217,0.02988300286233425,-2.0713560581207275,0.08201410621404648
1790756523226860501,pose,-0.012950906530022621,0.02938237413764,-2.0724294185638428,0.08188524097204208
1790756523238773009,pose,-0.012791769579052925,0.02890191227197647,-2.073455810546875,0.08176293969154358
1790756523285816981,det,-0.8465635773997465,-0.09927737784990663,1.8600634834397902,0
1790756523357869317,pose,-0.011237991973757744,0.02867634780704975,-2.0753557682037354,0.08149898052215576
1790756523368682582,pose,-0.010505166836082935,0.028541000559926033,-2.0763096809387207,0.08131065964698792
1790756523378006421,pose,-0.009796868078410625,0.02839372120797634,-2.0772459506988525,0.08111822605133057
1790756523389661998,pose,-0.009110280312597752,0.028235971927642822,-2.0781702995300293,0.08090478181838989
1790756523451160589,pose,-0.0077166990377008915,0.02794518508017063,-2.0799267292022705,0.08048511296510696
1790756523466591087,pose,-0.00702508632093668,0.027799610048532486,-2.0807950496673584,0.0802866518497467
1790756523474441109,pose,-0.0063625238835811615,0.02763560228049755,-2.0816850662231445,0.08009778708219528
1790756523513674752,det,-0.8460064057395307,-0.09993922632965117,1.8638248542283633,0
1790756523565679166,det,-0.8389640521446073,-0.10040427052925807,1.8572270002155926,0
1790756523610377946,pose,-0.005107218399643898,0.027263032272458076,-2.0835342407226562,0.07976691424846649
1790756523611616760,pose,-0.004508822690695524,0.027058759704232216,-2.0844922065734863,0.07962112128734589
1790756523620698637,pose,-0.0033607929944992065,0.026623010635375977,-2.0864694118499756,0.07934251427650452
1790756523649985616,det,-0.8351288272289432,-0.10136798233878155,1.8522353119913588,0
1790756523715482249,pose,-0.0028087045066058636,0.026394661515951157,-2.0874733924865723,0.07917902618646622
1790756523730795655,pose,-0.0022871827241033316,0.026184039190411568,-2.0886309146881104,0.07901550829410553
1790756523762733408,pose,-0.0017780732596293092,0.025968339294195175,-2.0897810459136963,0.07885721325874329
1790756523769606011,det,-0.8335291483149907,-0.10189774441687072,1.8509177704826736,0
1790756523818474547,pose,-0.0012805965961888433,0.025748170912265778,-2.0909316539764404,0.0786932036280632
1790756523832606656,pose,-0.0007941708900034428,0.025524046272039413,-2.092074155807495,0.0785219594836235
1790756523842683190,pose,0.0001465749810449779,0.025064092129468918,-2.094337224960327,0.07817825675010681
1790756523848758321,pose,0.0006018716958351433,0.024829065427184105,-2.095468044281006,0.07798242568969727
1790756523954867146,det,-0.8294348013270659,-0.10072502454046271,1.8531752310061482,0
1790756523982438793,pose,0.0010473841102793813,0.024591121822595596,-2.096581220626831,0.0777636244893074
1790756523992157552,pose,0.0014833795139566064,0.02435050904750824,-2.0976672172546387,0.07754652202129364
1790756524002179758,pose,0.0019100902136415243,0.024107102304697037,-2.0987398624420166,0.07733605057001114
1790756524067133495,pose,0.002736868569627404,0.023610033094882965,-2.100891351699829,0.07694663852453232
1790756524081833956,pose,0.0031372171360999346,0.0233551487326622,-2.101979970932007,0.07677055150270462
1790756524087988788,pose,0.0035294624976813793,0.02309664711356163,-2.1030797958374023,0.07659760862588882
1790756524137887770,det,-0.8267291220994298,-0.09962126483732232,1.8570843423269057,0
1790756524190448028,det,-0.8245523473386545,-0.09870599669326835,1.8580497374292695,0
1790756524217632864,pose,0.003913574852049351,0.022834768518805504,-2.10418701171875,0.07642262428998947
1790756524229803400,pose,0.004289311822503805,0.022569788619875908,-2.1052963733673096,0.0762593075633049
1790756524241647895,pose,0.0038176318630576134,0.02299283631145954,-2.1060800552368164,0.07596322149038315
1790756524256284754,pose,0.0035886713303625584,0.023187091574072838,-2.1065101623535156,0.07583317905664444
1790756524282346832,det,-0.8241398799240911,-0.09845379570488623,1.859526346064331,0
1790756524334784220,pose,0.0031425501219928265,0.023544104769825935,-2.107449531555176,0.0756097212433815
1790756524341223895,pose,0.002924557076767087,0.023707909509539604,-2.107957363128662,0.07551275193691254
1790756524357546477,pose,0.0027093151584267616,0.02386324480175972,-2.108484983444214,0.07539768517017365
1790756524392474174,det,-0.8238512621996879,-0.09811841354562476,1.864276691946931,0
1790756524437311114,pose,0.002496294444426894,0.024011125788092613,-2.1090199947357178,0.0752880796790123
1790756524453727892,pose,0.002285246504470706,0.024152280762791634,-2.1095669269561768,0.07518716156482697
1790756524458218740,pose,0.0020758304744958878,0.024287275969982147,-2.11013126373291,0.07509227842092514
1790756524485984159,det,-0.82436086671818,-0.09734577887186999,1.8765434624709723,0
1790756524543411071,pose,0.001867877901531756,0.024416664615273476,-2.110710859298706,0.07497864216566086
1790756524555728825,pose,0.0016609923914074898,0.024541037157177925,-2.111288070678711,0.07483445107936859
1790756524564394331,pose,0.0014550695195794106,0.02466082200407982,-2.111854314804077,0.07466579228639603
1790756524573241022,pose,0.0012501830933615565,0.024775976315140724,-2.11240816116333,0.0744638442993164
1790756524631762983,det,-0.822213165181977,-0.09678720205425768,1.8872199016440667,0
1790756524679078349,pose,0.001046842080540955,0.02488778345286846,-2.112935781478882,0.07425038516521454
1790756524686626656,pose,0.0008447561995126307,0.02499423734843731,-2.1134445667266846,0.07406020909547806
1790756524698524887,pose,-0.0003049579681828618,0.024930376559495926,-2.1137073040008545,0.0736951231956482
1790756524765523620,det,-0.8234636590810902,-0.09790010301583223,1.9026721123962034,0
1790756524806542705,pose,-0.0008640669984742999,0.024889888241887093,-2.1138622760772705,0.07350362092256546
1790756524817910622,pose,-0.0014129867777228355,0.024843178689479828,-2.114030122756958,0.07332424819469452
1790756524834348231,pose,-0.0019517310429364443,0.024789603427052498,-2.1142208576202393,0.0731586292386055
1790756524853454158,det,-0.8220072853450889,-0.0981652093009724,1.8991084850781121,0
1790756524898959538,pose,-0.0024802987463772297,0.02472865954041481,-2.114441394805908,0.0730103850364685
1790756524917585443,pose,-0.0029989322647452354,0.024660086259245872,-2.1146891117095947,0.07284484803676605
1790756524927711824,pose,-0.004006412345916033,0.02450094372034073,-2.1152193546295166,0.07252800464630127
1790756524950253945,pose,-0.004496217705309391,0.024409640580415726,-2.1155126094818115,0.07239630073308945
1790756524981770515,det,-0.8219332830188679,-0.09891199505299184,1.886255283018868,0
1790756525039123038,pose,-0.0049768975004553795,0.024309847503900528,-2.115834951400757,0.07227537035942078
1790756525041608851,pose,-0.005448436830192804,0.02420136146247387,-2.1161880493164062,0.07215821743011475
1790756525050873007,pose,-0.005911114159971476,0.024084346368908882,-2.1165664196014404,0.07205066084861755
1790756525081674396,det,-0.8233487346335603,-0.10033459958831854,1.8795827642059368,0
1790756525143429566,pose,-0.006365225184708834,0.023958854377269745,-2.1169703006744385,0.07195653766393661
1790756525153916855,pose,-0.006810906808823347,0.023825041949748993,-2.1174023151397705,0.07187711447477341
1790756525161882106,pose,-0.008764405734837055,0.02346164546906948,-2.1211016178131104,0.07165704667568207
1790756525184248645,det,-0.8247404635453146,-0.10194985280154979,1.8767296407423377,0
1790756525245957276,pose,-0.009624565951526165,0.023510849103331566,-2.1219944953918457,0.0716334879398346
1790756525257538146,pose,-0.010448940098285675,0.02353271096944809,-2.122908353805542,0.07158317416906357
1790756525266266685,pose,-0.011242924258112907,0.023532874882221222,-2.1238200664520264,0.07150193303823471
1790756525274711090,pose,-0.01201065443456173,0.023515500128269196,-2.1247122287750244,0.07140190154314041
1790756525297656423,det,-0.8245822627416058,-0.10295069832549793,1.8765989421978078,0
1790756525360954432,pose,-0.013479044660925865,0.02343839220702648,-2.126430034637451,0.07115950435400009
1790756525368564264,pose,-0.01418376062065363,0.023381341248750687,-2.127270221710205,0.07104671001434326
1790756525388036128,pose,-0.014925566501915455,0.023365948349237442,-2.128077745437622,0.07094553112983704
1790756525412594568,det,-0.8239880419190411,-0.10382767100738431,1.8890519709981957,0
1790756525474069128,pose,-0.01570773683488369,0.02303960546851158,-2.129875421524048,0.0707874521613121
1790756525483914631,pose,-0.016390863806009293,0.02297661453485489,-2.130746841430664,0.07075606286525726
1790756525494440571,pose,-0.01705055870115757,0.022895844653248787,-2.131643295288086,0.0707181915640831
1790756525509576420,det,-0.8215231494631597,-0.10485030436230892,1.8930775057281903,0
1790756525584659543,pose,-0.01768963783979416,0.022800303995609283,-2.1325526237487793,0.07067413628101349
1790756525598242813,pose,-0.020021339878439903,0.022241776809096336,-2.1342358589172363,0.07061143964529037
1790756525609619038,pose,-0.021138444542884827,0.021954484283924103,-2.135099172592163,0.07059689611196518
1790756525633518227,det,-0.8231194697933104,-0.10694300069856166,1.8985076423875558,0
1790756525683464864,pose,-0.02222653105854988,0.021662641316652298,-2.1359784603118896,0.07059270888566971
1790756525694986161,pose,-0.023287639021873474,0.021366922184824944,-2.136874198913574,0.07060135900974274
1790756525705221781,pose,-0.026003358885645866,0.02102712169289589,-2.1383614540100098,0.07057274878025055
1790756525715371354,pose,-0.027206232771277428,0.02079983800649643,-2.139163017272949,0.07052914053201675
1790756525740169070,det,-0.8211748795190559,-0.10804864942006971,1.897843587581379,0
1790756525789281709,pose,-0.028331713750958443,0.02054836042225361,-2.1399824619293213,0.07049252837896347
1790756525800781759,pose,-0.029393400996923447,0.020278939977288246,-2.140824794769287,0.07046454399824142
1790756525812535810,pose,-0.030401796102523804,0.01999581977725029,-2.141691207885742,0.0704479068517685
1790756525874269931,pose,-0.0322890467941761,0.01940004900097847,-2.143491744995117,0.07044723629951477
1790756525884475567,pose,-0.03317911922931671,0.019091952592134476,-2.1444218158721924,0.07046447694301605
1790756525901114399,pose,-0.03444879502058029,0.018186068162322044,-2.144629716873169,0.07047668099403381
1790756525945825982,det,-0.8202788385971251,-0.10966381221484231,1.9021310791227424,0
1790756525984870572,det,-0.8185906627406611,-0.11071747823455459,1.9087446162846244,0
1790756528151464650,pose,-0.037267304956912994,0.01633140631020069,-2.144763231277466,0.07052925229072571
1790756528160180366,pose,-0.03855402395129204,0.015442774631083012,-2.1449496746063232,0.07056937366724014
1790756528173476670,pose,-0.03977680578827858,0.014576412737369537,-2.1452009677886963,0.07062112540006638
1790756528200837886,det,-0.8154645288227154,-0.11012082675686882,1.9088366403958221,0
1790756528270334575,pose,-0.042065974324941635,0.012902029789984226,-2.1458630561828613,0.07076909393072128
1790756528287993543,pose,-0.0431465208530426,0.012091529555618763,-2.1462600231170654,0.07086329907178879
1790756528291007887,pose,-0.04419106990098953,0.011297536082565784,-2.146693468093872,0.07096832245588303
1790756528302737422,pose,-0.04520348832011223,0.01051938347518444,-2.1471598148345947,0.07108524441719055
1790756528322635641,det,-0.814441594567947,-0.11198335620361759,1.9184188417817054,0
1790756528395023701,pose,-0.046187035739421844,0.009756507351994514,-2.1476564407348633,0.0712115466594696
1790756528402408174,pose,-0.04714416712522507,0.00900875311344862,-2.1481807231903076,0.07134807854890823
1790756528414705990,pose,-0.048987001180648804,0.007558041252195835,-2.1493000984191895,0.07161599397659302
1790756528449401700,det,-0.8113510683997869,-0.11285474650456549,1.9232317725261592,0
1790756528509660788,pose,-0.049876149743795395,0.0068538314662873745,-2.1498782634735107,0.07173849642276764
1790756528524974140,pose,-0.050645407289266586,0.006370186805725098,-2.1504883766174316,0.07184082269668579
1790756528532405058,pose,-0.05139670893549919,0.005897147115319967,-2.151106119155884,0.07194828987121582
1790756528563601888,det,-0.8019949153554936,-0.11161574328963457,1.9234861724971468,0
1790756528607583739,pose,-0.052847810089588165,0.004983007442206144,-2.152357339859009,0.07212477177381516
1790756528633054424,pose,-0.05354857072234154,0.004541500937193632,-2.152987480163574,0.07221823930740356
1790756528635384726,pose,-0.05423310771584511,0.004109830595552921,-2.153628349304199,0.07231885194778442
1790756528713822292,det,-0.7949516057202524,-0.1113745371409522,1.929855078730589,0
1790756528745670489,pose,-0.054901547729969025,0.003687669988721609,-2.154282569885254,0.07242710888385773
1790756528764335597,pose,-0.055552296340465546,0.0032763220369815826,-2.154951810836792,0.07254394143819809
1790756528765180005,pose,-0.0561872199177742,0.0028744125738739967,-2.1556365489959717,0.07270547747612
1790756528777901745,pose,-0.057410210371017456,0.0020987493917346,-2.157050848007202,0.07301967591047287
1790756528824979541,det,-0.7892068204166491,-0.11200523364811059,1.9318967072361344,0
1790756528896905680,pose,-0.05799894034862518,0.0017253966070711613,-2.157766342163086,0.0731692761182785
1790756528901157837,pose,-0.058572810143232346,0.0013619104865938425,-2.1584882736206055,0.07332297414541245
1790756528905871207,pose,-0.059131838381290436,0.0010080212960019708,-2.1592211723327637,0.07348214089870453
1790756528930702774,det,-0.7861567171970669,-0.1131566659079053,1.9329121349525953,0
1790756528976394474,pose,-0.05967611074447632,0.0006634005112573504,-2.1599674224853516,0.07364579290151596
1790756528993119028,pose,-0.060775481164455414,0.00033114885445684195,-2.1598923206329346,0.07393337786197662
1790756528998482214,pose,-0.061301473528146744,0.0001755712874000892,-2.159884452819824,0.07410886883735657
1790756529011792414,pose,-0.061812594532966614,2.6709116355050355e-05,-2.159888744354248,0.07427725195884705
1790756529030188096,det,-0.7819693587356791,-0.11353822563437015,1.9298763137513504,0
1790756529103027623,pose,-0.06286323815584183,-0.00037440890446305275,-2.160851240158081,0.07458819448947906
1790756529113029580,pose,-0.0633254274725914,-0.0005025711143389344,-2.160870313644409,0.07474041730165482
1790756529128805605,pose,-0.06377291679382324,-0.0006270194426178932,-2.1609036922454834,0.07486852258443832
1790756529147369437,det,-0.7795253681366994,-0.11376049136976603,1.928370345601615,0
1790756529206157160,pose,-0.06420572847127914,-0.000748399761505425,-2.160950183868408,0.07497759163379669
1790756529216854658,pose,-0.06502711027860641,-0.0009850059868767858,-2.1610772609710693,0.07516081631183624
1790756529237052976,pose,-0.06541547924280167,-0.001101982081308961,-2.161166191101074,0.07524992525577545
1790756529256990491,det,-0.7827021448243355,-0.11474862810583758,1.9336228404227562,0
1790756529319682236,pose,-0.06578939408063889,-0.0012188400141894817,-2.1612699031829834,0.07531273365020752
1790756529329312771,pose,-0.06614907085895538,-0.0013360892189666629,-2.161378860473633,0.0753745436668396
1790756529340033770,pose,-0.0664944127202034,-0.0014546385500580072,-2.1615030765533447,0.075440913438797
1790756529348865144,pose,-0.06717328727245331,-0.0015953495167195797,-2.16164231300354,0.07552254945039749
1790756529414955475,pose,-0.06750673800706863,-0.0016197331715375185,-2.161639451980591,0.07553760707378387
1790756529425836777,pose,-0.06782582402229309,-0.0016490654088556767,-2.1616451740264893,0.07555866986513138
1790756529434430634,pose,-0.06813015043735504,-0.0016835028072819114,-2.161673069000244,0.07558586448431015
1790756529498551699,pose,-0.06869564950466156,-0.0017727173399180174,-2.1618192195892334,0.07563716173171997
1790756529512966572,pose,-0.06895723193883896,-0.0018281975062564015,-2.1619415283203125,0.0756809413433075
1790756529520942550,pose,-0.06928246468305588,-0.001828712527640164,-2.161879777908325,0.07572430372238159
1790756529568816243,det,-0.7880350957069964,-0.1151275238206978,1.932777791472186,0
1790756529612833147,pose,-0.06957460939884186,-0.0018516912823542953,-2.161898374557495,0.07575776427984238
1790756529622174167,pose,-0.06983884423971176,-0.001892566098831594,-2.161979913711548,0.07579496502876282
1790756529631333077,det,-0.7976233808565489,-0.11513037304408498,1.9361941130296296,0
1790756529632065625,pose,-0.07007856667041779,-0.0019473903812468052,-2.1621198654174805,0.07583646476268768
1790756529660838102,pose,-0.07049685716629028,-0.0020924953278154135,-2.162543296813965,0.07591905444860458
1790756529701521448,det,-0.8068875696866883,-0.11650457893081927,1.9386906465668035,0
1790756529760682945,pose,-0.07068003714084625,-0.002178704598918557,-2.1627960205078125,0.07594580203294754
1790756529762097287,det,-0.8125768149947749,-0.11552076198403885,1.9357374810703571,0
1790756529777078620,pose,-0.07077745348215103,-0.0022519805934280157,-2.1631007194519043,0.07597867399454117
1790756529793028076,pose,-0.07093589007854462,-0.002416112693026662,-2.163806676864624,0.07606837898492813
1790756529828172411,det,-0.8159499674036408,-0.11554540954995417,1.940862361048069,0
1790756529878494447,pose,-0.07099807262420654,-0.002505689626559615,-2.1642093658447266,0.07612480223178864
1790756529889986030,pose,-0.07104957103729248,-0.0025993750896304846,-2.164644241333008,0.07618826627731323
1790756529893803669,pose,-0.0710916593670845,-0.0026957830414175987,-2.165109395980835,0.07624376565217972
1790756529924284539,det,-0.81561861871161,-0.11315945378461086,1.9470013580306782,0
1790756529979481702,pose,-0.07114770263433456,-0.002893746132031083,-2.166095733642578,0.07630860805511475
1790756529991526383,pose,-0.07116260379552841,-0.002994020003825426,-2.166616439819336,0.07634937018156052
1790756530005003318,pose,-0.07116911560297012,-0.003094650572165847,-2.1671600341796875,0.07639811933040619
1790756530059903445,pose,-0.07116737216711044,-0.003195112803950906,-2.167726993560791,0.07645343989133835
1790756530072296052,pose,-0.0711769089102745,-0.0033470899797976017,-2.168801784515381,0.07657230645418167
1790756530084829329,pose,-0.07116376608610153,-0.003428656840696931,-2.169386386871338,0.07659866660833359
1790756530091855109,pose,-0.071140818297863,-0.0035108241718262434,-2.1699776649475098,0.07659483700990677
1790756530115991875,det,-0.8116901427399591,-0.11073829699722063,1.9492578719312137,0
1790756530175613542,det,-0.8037269137530303,-0.10897504640784207,1.951934566578362,0
1790756530201422468,pose,-0.07110913842916489,-0.0035925256088376045,-2.170565366744995,0.07658372819423676
1790756530215152515,pose,-0.071067214012146,-0.0028459192253649235,-2.171055316925049,0.07657606899738312
1790756530228649103,pose,-0.07095780223608017,-0.0014188650529831648,-2.172100067138672,0.07659652829170227
1790756530262347247,det,-0.7986056242748245,-0.10580726027366393,1.959706948218227,0
1790756530320851246,pose,-0.07089114189147949,-0.0007344409823417664,-2.1726486682891846,0.07657625526189804
1790756530321485701,pose,-0.07081720232963562,-6.707082502543926e-05,-2.173200845718384,0.07655657827854156
1790756530334721360,pose,-0.0707361027598381,0.0005842398386448622,-2.1737630367279053,0.07654096186161041
1790756530373925258,det,-0.7934506268484632,-0.10294332090503526,1.9710012718550176,0
1790756530412921233,pose,-0.07064876705408096,0.001219509867951274,-2.174342155456543,0.0765327587723732
1790756530424155284,pose,-0.07045333087444305,0.0024467867333441973,-2.175563335418701,0.0765126645565033
1790756530432210474,pose,-0.07034552097320557,0.003040123265236616,-2.176205635070801,0.07651083916425705
1790756530476367775,det,-0.7911730671795175,-0.1005703839270052,1.9778244501417614,0
1790756530536208542,pose,-0.07023121416568756,0.0036208925303071737,-2.1768639087677,0.07649185508489609
1790756530546814923,pose,-0.07011089473962784,0.004190135281533003,-2.1775286197662354,0.07647655159235
1790756530555700148,pose,-0.0699848011136055,0.004748477600514889,-2.1782033443450928,0.07646720111370087
1790756530567186697,pose,-0.06971555203199387,0.0058340393006801605,-2.1795945167541504,0.076434426009655
1790756530619103989,pose,-0.06966692209243774,0.006247381679713726,-2.179518938064575,0.07638160139322281
1790756530628171833,pose,-0.06961006671190262,0.006654954515397549,-2.179452896118164,0.07633465528488159
1790756530639893103,pose,-0.06947191059589386,0.007452094461768866,-2.1793859004974365,0.076258085668087
1790756530696852372,pose,-0.06939064711332321,0.007840869948267937,-2.1793978214263916,0.07623080164194107
1790756530708065667,pose,-0.06930137425661087,0.008222817443311214,-2.179443359375,0.07621604204177856
1790756530718834227,pose,-0.06920431554317474,0.008597931824624538,-2.179522752761841,0.07621053606271744
1790756530781548936,pose,-0.06909965723752975,0.008966388180851936,-2.1796352863311768,0.07621356844902039
1790756530791134737,pose,-0.0688774362206459,0.00967970211058855,-2.1799585819244385,0.07621987909078598
1790756530802144892,pose,-0.06875642389059067,0.010027450509369373,-2.1801679134368896,0.07622434943914413
1790756530815048461,pose,-0.0686294212937355,0.010369905270636082,-2.180408000946045,0.07623794674873352
1790756530853040021,det,-0.7905297887343349,-0.09855746674182359,1.981829182300318,0
1790756530901946536,pose,-0.06835903972387314,0.011041365563869476,-2.180976390838623,0.07628742605447769
1790756530914730928,pose,-0.06821649521589279,0.011371505446732044,-2.1812992095947266,0.07629337161779404
1790756530952810985,pose,-0.06747351586818695,0.011167014949023724,-2.1822309494018555,0.07625364512205124
1790756530966764758,det,-0.7877733018595967,-0.0967332005225432,1.982074760566575,0
1790756531044303999,det,-0.7783517424569851,-0.09372595625134192,1.9631157077682777,0
1790756531069088909,det,-0.7804083913647618,-0.09127871388564048,1.9699737790788123,0
1790756531075733030,pose,-0.06688332557678223,0.01064970437437296,-2.1828324794769287,0.07617369294166565
1790756531093686393,pose,-0.06629982590675354,0.010145500302314758,-2.1834449768066406,0.0761118158698082
1790756531104896827,pose,-0.06572281569242477,0.009653567336499691,-2.1840734481811523,0.07605326920747757
1790756531122539463,det,-0.7793888782851618,-0.0872533866817402,1.9712060828236972,0
1790756531169129387,det,-0.777682490436292,-0.08297687270045634,1.9790903015171275,0
1790756531205574615,pose,-0.06515214592218399,0.009173558093607426,-2.1847164630889893,0.07599051296710968
1790756531220949734,pose,-0.06458745896816254,0.008705222979187965,-2.185371160507202,0.07593780755996704
1790756531230749052,pose,-0.06347551196813583,0.007801615633070469,-2.186724901199341,0.07585617154836655
1790756531278736197,det,-0.7767913320083005,-0.07924991015338949,1.9897690772684156,0
1790756531316818045,pose,-0.06292808055877686,0.0073655094020068645,-2.1874258518218994,0.07582856714725494
1790756531332916575,pose,-0.062386203557252884,0.0069395313039422035,-2.188143014907837,0.0758092999458313
1790756531333686791,pose,-0.06185000389814377,0.006522866431623697,-2.188875675201416,0.07579968869686127
1790756531346657837,pose,-0.061319418251514435,0.006116104312241077,-2.1896228790283203,0.0758051797747612
1790756531372903721,det,-0.7786925426523906,-0.07629776997210756,2.0029592132459753,0
1790756531443245019,pose,-0.060275159776210785,0.005331755615770817,-2.1911580562591553,0.07584191113710403
1790756531448342222,pose,-0.05976135656237602,0.004954256117343903,-2.1919448375701904,0.07587666064500809
1790756531457545560,pose,-0.059096019715070724,0.0045635593123734,-2.1916897296905518,0.0759197250008583
1790756531484402465,det,-0.7814480316662936,-0.07284765147190217,2.0180324192340153,0
1790756531531743093,pose,-0.05843999236822128,0.004183599259704351,-2.191473960876465,0.07597479969263077
1790756531557240950,pose,-0.05652531608939171,0.003109167329967022,-2.1910479068756104,0.0761919915676117
1790756531559616073,pose,-0.05590430274605751,0.00277367583476007,-2.190974712371826,0.07629532366991043
1790756531624808273,det,-0.7777082460387215,-0.06871104709984471,2.0182839962945867,0
1790756531663394793,pose,-0.05529225617647171,0.0024501539301127195,-2.190934181213379,0.076407290995121
1790756531671064359,pose,-0.054689131677150726,0.002139010699465871,-2.1909255981445312,0.0765291303396225
1790756531676902031,pose,-0.054095033556222916,0.0018404131988063455,-2.190948247909546,0.07665760070085526
1790756531688943610,pose,-0.05351000651717186,0.00155484804417938,-2.1909987926483154,0.07678306102752686
1790756531721313016,det,-0.770142262195379,-0.06489840380396211,2.016099305840831,0
1790756531793375363,pose,-0.052366953343153,0.0010240935953333974,-2.191173553466797,0.07705231010913849
1790756531801412390,pose,-0.05180872976779938,0.0007791754906065762,-2.1913013458251953,0.07719733566045761
1790756531819354492,det,-0.7599697699026368,-0.06136717499862673,2.009942195695046,0
1790756531891876005,pose,-0.05125612020492554,0.0005510185146704316,-2.1914563179016113,0.07734884321689606
1790756531896564463,pose,-0.05071193724870682,0.00033668673131614923,-2.1916348934173584,0.07747367024421692
1790756531908328687,pose,-0.0501762293279171,0.00013633121852762997,-2.1918280124664307,0.07759804278612137
1790756531912749520,pose,-0.04975776746869087,-0.000563914654776454,-2.1917386054992676,0.07772520184516907
1790756531940604193,det,-0.7525435227826252,-0.05745363140736517,2.011413394154335,0
1790756531990546899,pose,-0.049344900995492935,-0.0012408780166879296,-2.191678524017334,0.07781574875116348
1790756531998565173,pose,-0.04893731325864792,-0.0018950640223920345,-2.1916494369506836,0.0779118463397026
1790756532017087500,pose,-0.04779527336359024,-0.0028932178393006325,-2.193218946456909,0.07838365435600281
1790756532023682739,pose,-0.04740649834275246,-0.003470717230811715,-2.193274736404419,0.07844465225934982
1790756532049047802,det,-0.7454886876846801,-0.053125431559342434,2.0073653136116443,0
1790756532123131368,pose,-0.04702465981245041,-0.004028638359159231,-2.1933515071868896,0.0785076767206192
1790756532129253247,pose,-0.04664808139204979,-0.004566855262964964,-2.193444013595581,0.07855124026536942
1790756532139819031,pose,-0.04590988531708717,-0.0055869510397315025,-2.193666458129883,0.07861282676458359
1790756532160741794,det,-0.7421625253893299,-0.04946839527774242,2.004113813158589,0
1790756532224204071,pose,-0.04554791375994682,-0.006070839706808329,-2.193793773651123,0.0786406397819519
1790756532238201269,pose,-0.04519054666161537,-0.006538973655551672,-2.1939404010772705,0.07867718487977982
1790756532246982459,pose,-0.04483751580119133,-0.006992498878389597,-2.1941120624542236,0.07872094213962555
1790756532274312442,det,-0.7411882765690715,-0.04658082398638563,2.003640248161387,0
1790756532325630277,pose,-0.04448863863945007,-0.007432385813444853,-2.194310426712036,0.07877180725336075
1790756532336061364,pose,-0.04380166530609131,-0.008273863233625889,-2.1947903633117676,0.07889522612094879
1790756532356036023,pose,-0.04271223396062851,-0.008999334648251534,-2.1955578327178955,0.07896261662244797
1790756532366856714,pose,-0.04164235666394234,-0.009705581702291965,-2.1963369846343994,0.07899981737136841
1790756532380951002,det,-0.7453656008268772,-0.044690094625598635,2.0083617848572604,0
1790756532451559060,pose,-0.039559584110975266,-0.01106180902570486,-2.1979117393493652,0.07903870195150375
1790756532460376109,pose,-0.03854585066437721,-0.011712703853845596,-2.1986987590789795,0.079056017100811
1790756532474132062,pose,-0.03754982724785805,-0.012346294708549976,-2.199490785598755,0.0790625587105751
1790756532525141251,det,-0.7530802098054477,-0.04316963962718856,2.0151581029301284,0
1790756532580321003,pose,-0.03634796291589737,-0.013175996020436287,-2.200073480606079,0.07905615121126175
1790756532589921061,pose,-0.03414756432175636,-0.014647719450294971,-2.201396942138672,0.07906283438205719
1790756532595008317,pose,-0.03312510624527931,-0.015310496091842651,-2.2021231651306152,0.07908588647842407
1790756532629232227,det,-0.7569143440554774,-0.04198435289867004,2.0167559452992827,0
1790756532688066253,pose,-0.03214326128363609,-0.015935171395540237,-2.2028839588165283,0.07911805063486099
1790756532695992820,pose,-0.031195957213640213,-0.01652761921286583,-2.203673839569092,0.07915922999382019
1790756532708852247,pose,-0.029386892914772034,-0.017632262781262398,-2.205315113067627,0.07920201867818832
1790756532740187231,det,-0.7617773784948294,-0.03914670911999272,2.0264685540353615,0
1790756532796976430,pose,-0.028868941590189934,-0.01843331567943096,-2.2056691646575928,0.079208604991436
1790756532820238400,pose,-0.02836114540696144,-0.019205890595912933,-2.2060441970825195,0.07921577990055084
1790756532823615832,pose,-0.027862058952450752,-0.019951622933149338,-2.2064340114593506,0.07921118289232254
1790756532840674081,pose,-0.02737153135240078,-0.020674094557762146,-2.2068347930908203,0.07919181883335114
1790756532862546906,det,-0.7700722288002705,-0.03613111861704725,2.0335192973898653,0
1790756532924924181,pose,-0.02688918448984623,-0.02137540653347969,-2.207242250442505,0.07914652675390244
1790756532935564082,pose,-0.025947274640202522,-0.022721489891409874,-2.208061456680298,0.07905664294958115
1790756532944147505,pose,-0.02548687905073166,-0.0233698058873415,-2.2084903717041016,0.07902315258979797
1790756532981451093,det,-0.7759391521666602,-0.0327757099885215,2.0462362069988926,0
1790756533045585655,pose,-0.024585774168372154,-0.02462424710392952,-2.2094085216522217,0.07898646593093872
1790756533056904585,pose,-0.024147044867277145,-0.025235235691070557,-2.2098987102508545,0.07898394018411636
1790756533064582529,pose,-0.02371460385620594,-0.02583411894738674,-2.210409164428711,0.07898468524217606
1790756533098567870,det,-0.7799128348088169,-0.02878095946130798,2.0502652875936547,0
1790756533144658625,pose,-0.023288605734705925,-0.026421096175909042,-2.210937023162842,0.07898116856813431
1790756533161993755,pose,-0.022456632927060127,-0.027558736503124237,-2.212026357650757,0.07895226776599884
1790756533165602500,pose,-0.022144470363855362,-0.028596777468919754,-2.212691068649292,0.07893432676792145
1790756533199192182,det,-0.7767247005274659,-0.024880741768035192,2.0397875935598218,0
1790756533253122072,pose,-0.021837107837200165,-0.029612528160214424,-2.2133593559265137,0.0788765698671341
1790756533261065499,pose,-0.021534578874707222,-0.03060620091855526,-2.2140214443206787,0.0788063183426857
1790756533287901903,pose,-0.02094336226582527,-0.03253224864602089,-2.2153382301330566,0.07868179678916931
1790756533291035212,pose,-0.020654454827308655,-0.033466748893260956,-2.216008424758911,0.07864003628492355
1790756533304741466,det,-0.7725770256622336,-0.020232597516502904,2.0366306776424787,0
1790756533380814712,pose,-0.020370006561279297,-0.034382835030555725,-2.2166907787323,0.07860931754112244
1790756533393307195,pose,-0.020090026780962944,-0.03528105095028877,-2.21738600730896,0.07858721911907196
1790756533400347288,pose,-0.019814517349004745,-0.03616153076291084,-2.2180941104888916,0.07857219129800797
1790756533461219989,det,-0.7665548499582415,-0.015799984734594624,2.0324522583315647,0
1790756533487757377,pose,-0.019277244806289673,-0.037868890911340714,-2.219531536102295,0.07850686460733414
1790756533499375979,pose,-0.01901571825146675,-0.038695551455020905,-2.2202563285827637,0.07848931103944778
1790756533506589691,pose,-0.018760500475764275,-0.03950204327702522,-2.220989942550659,0.07847865670919418
1790756533570007815,pose,-0.01851007714867592,-0.04029097408056259,-2.221733570098877,0.07846909016370773
1790756533579214835,pose,-0.018264472484588623,-0.04106244444847107,-2.222486972808838,0.07846805453300476
1790756533595408165,pose,-0.017779666930437088,-0.04261374473571777,-2.2239274978637695,0.0784987360239029
1790756533605960622,pose,-0.017538651823997498,-0.04339396208524704,-2.224616765975952,0.07847952097654343
1790756533630385327,det,-0.7634240745645606,-0.012195224385312224,2.0305780427127798,0
1790756533678231403,det,-0.7610660624486674,-0.008513738562035732,2.035927035218738,0
1790756533706388236,pose,-0.01730070263147354,-0.04415660351514816,-2.2253170013427734,0.07846789062023163
1790756533721291134,pose,-0.01706603914499283,-0.04490118846297264,-2.226027727127075,0.07846753299236298
1790756533729202765,pose,-0.016606951132416725,-0.046335287392139435,-2.227473497390747,0.0784623771905899
1790756533759294374,det,-0.7584742929445504,-0.006124417301443546,2.039232752714023,0
1790756533811308104,pose,-0.016382934525609016,-0.04702364280819893,-2.2282042503356934,0.07847343385219574
1790756533837696705,pose,-0.01616285927593708,-0.04769216477870941,-2.2289419174194336,0.07849302142858505
1790756533838203108,pose,-0.015946893021464348,-0.04834052175283432,-2.229686737060547,0.07851985841989517
1790756533878679039,det,-0.7537740272493696,-0.0040124533999483245,2.0478411553441034,0
1790756533919996792,pose,-0.015735002234578133,-0.04896838590502739,-2.2304389476776123,0.07855501025915146
1790756533928993232,pose,-0.015527262352406979,-0.0495753288269043,-2.2311980724334717,0.07859932631254196
1790756533941832559,pose,-0.015323692932724953,-0.05016106367111206,-2.231963634490967,0.07865186035633087
1790756533952683719,pose,-0.015124394558370113,-0.05072544142603874,-2.2327351570129395,0.07871176302433014
1790756533969762526,det,-0.7461715135546887,-0.0014110329612531721,2.060398619304673,0
1790756534037910413,pose,-0.01473635621368885,-0.0518566332757473,-2.234238862991333,0.07885891944169998
1790756534046019469,pose,-0.014783340506255627,-0.05181487649679184,-2.23466157913208,0.07893174886703491
1790756534063340822,pose,-0.014827447012066841,-0.051760029047727585,-2.2351138591766357,0.0790330246090889
1790756534088200055,det,-0.7398733995102662,0.0016411403780558183,2.069466734923316,0
1790756534149803950,pose,-0.014869684353470802,-0.051691699773073196,-2.235589027404785,0.07910992205142975
1790756534161795708,pose,-0.014951522462069988,-0.05151288956403732,-2.2365562915802,0.07915296405553818
1790756534168823845,pose,-0.01499226689338684,-0.05140245705842972,-2.2370245456695557,0.0791163519024849
1790756534201743756,det,-0.7296433254348116,0.007310992717122447,2.071334705845241,0
1790756534254078485,pose,-0.015033313073217869,-0.05127866938710213,-2.2374703884124756,0.07903850823640823
1790756534262607026,pose,-0.01507473923265934,-0.05114252120256424,-2.2378878593444824,0.07891910523176193
1790756534277390575,pose,-0.015113642439246178,-0.0509943962097168,-2.2382726669311523,0.07875865697860718
1790756534283166925,pose,-0.01515275239944458,-0.05083678662776947,-2.2386229038238525,0.07855008542537689
1790756534319249560,det,-0.7199585506155807,0.011405715147007412,2.0735380193980797,0
1790756534400892067,pose,-0.015231641009449959,-0.05050127953290939,-2.2392141819000244,0.07801593840122223
1790756534401260481,pose,-0.015271206386387348,-0.05032756179571152,-2.239454746246338,0.07769262045621872
1790756534410989707,pose,-0.015310846269130707,-0.050153084099292755,-2.239659309387207,0.07732927799224854
1790756534433080016,det,-0.723447623915216,0.01308094184312286,2.077041326194587,0
1790756534496554543,pose,-0.015350539237260818,-0.04998036101460457,-2.23982834815979,0.07693060487508774
1790756534513155976,pose,-0.015219248831272125,-0.049711670726537704,-2.2396204471588135,0.07602707296609879
1790756534522005379,pose,-0.015052463859319687,-0.049619920551776886,-2.2392585277557373,0.07550812512636185
1790756534552210671,det,-0.7367367321050967,0.012116647101632634,2.065040658803369,0
1790756534599402140,pose,-0.014887494966387749,-0.049539294093847275,-2.2388784885406494,0.07495661079883575
1790756534606252562,pose,-0.01472626905888319,-0.0494726188480854,-2.2384815216064453,0.07438738644123077
1790756534621480033,pose,-0.014568590559065342,-0.04942263290286064,-2.2380688190460205,0.07378706336021423
1790756534625972385,pose,-0.014262912794947624,-0.04938260465860367,-2.2371997833251953,0.07249123603105545
1790756534676104972,det,-0.7612581253845768,0.012078429001843971,2.047080492626876,0
1790756534732006778,pose,-0.014114456251263618,-0.04939752072095871,-2.2367453575134277,0.07180104404687881
1790756534739960938,pose,-0.013968746177852154,-0.04943869262933731,-2.236278772354126,0.07108266651630402
1790756534752122435,pose,-0.013825628906488419,-0.049508191645145416,-2.2358007431030273,0.0703381821513176
1790756534812510700,pose,-0.013686936348676682,-0.04961119219660759,-2.2353122234344482,0.06956630200147629
1790756534824185055,pose,-0.0134162912145257,-0.04991566762328148,-2.2343075275421143,0.0679396539926529
1790756534842871074,pose,-0.01315463986247778,-0.05036238208413124,-2.2332725524902344,0.066221222281456
1790756534878470238,det,-0.7934443767927061,0.013875943490808701,2.036441291316647,0
1790756534912010424,det,-0.826093748864065,0.013351405306712286,2.0188650020557897,0
1790756534964980783,pose,-0.012996931560337543,-0.05058450624346733,-2.232343912124634,0.06532980501651764
1790756534969560931,pose,-0.012842366471886635,-0.050848037004470825,-2.2314205169677734,0.06442773342132568
1790756534977771389,pose,-0.012690851464867592,-0.051153942942619324,-2.2305028438568115,0.06351103633642197
1790756535101208784,det,-0.8475130882736892,0.013027991526988712,1.9955082290250283,0
1790756535115551860,pose,-0.012542355805635452,-0.05150303989648819,-2.229591131210327,0.06257454305887222
1790756535129072267,pose,-0.012395890429615974,-0.05189793184399605,-2.2286860942840576,0.061622254550457
1790756535134762423,pose,-0.012252314947545528,-0.052337341010570526,-2.227788209915161,0.06066827103495598
1790756535159106401,pose,-0.011973646469414234,-0.05335086211562157,-2.226015090942383,0.05871926620602608
1790756535174856427,det,-0.8660833339517946,0.013112962540769062,1.978512773700056,0
1790756535222921019,pose,-0.011838618665933609,-0.053925514221191406,-2.225140333175659,0.05772478133440018
1790756535244929949,pose,-0.011577412486076355,-0.055211275815963745,-2.223416566848755,0.055698469281196594
1790756535251412150,pose,-0.011451177299022675,-0.05592231824994087,-2.2225680351257324,0.05466883257031441
1790756535323793447,det,-0.8804625586476003,0.013009264459536388,1.9679752704669642,0
1790756535362274249,pose,-0.011260501109063625,-0.05785258114337921,-2.2213008403778076,0.052022986114025116
1790756535368846530,pose,-0.011139528825879097,-0.058721479028463364,-2.2204601764678955,0.05096927285194397
1790756535379733080,pose,-0.011021686717867851,-0.059634577482938766,-2.2196297645568848,0.04991435259580612
1790756535413355374,det,-0.8862043070999049,0.012198612661928442,1.9588447088244536,0
1790756535475895300,pose,-0.010907033458352089,-0.06059124320745468,-2.2188098430633545,0.04884890466928482
1790756535489186372,pose,-0.010534989647567272,-0.06183890998363495,-2.217510938644409,0.04777728021144867
1790756535512930504,pose,-0.010172092355787754,-0.0631246343255043,-2.216236114501953,0.04669627919793129
1790756535551322735,det,-0.8844991735634014,0.011144640980005885,1.9520409029979195,0
1790756535587425773,pose,-0.009818139486014843,-0.06444784998893738,-2.21498441696167,0.04561511427164078
1790756535600871662,pose,-0.009136251173913479,-0.06720477342605591,-2.2125496864318848,0.043442465364933014
1790756535613232577,pose,-0.00881036464124918,-0.06863679736852646,-2.2113659381866455,0.04235265031456947
1790756535615257279,pose,-0.00849288422614336,-0.07010407000780106,-2.2102038860321045,0.04121620953083038
1790756535652895241,det,-0.875943583414906,0.010103691347943625,1.944738334861036,0
1790756535716855405,pose,-0.008183672092854977,-0.07160603255033493,-2.2090632915496826,0.040076546370983124
1790756535720315196,pose,-0.007589244749397039,-0.07471135258674622,-2.2068448066711426,0.037800226360559464
1790756535731576830,pose,-0.007303652353584766,-0.07631347328424454,-2.205766439437866,0.03666197508573532
1790756535764394903,det,-0.8700490925546277,0.007908510034336888,1.9508139747719142,0
1790756535826293102,pose,-0.007025678176432848,-0.0779479369521141,-2.2047080993652344,0.03552696108818054
1790756535841028156,pose,-0.0064922901801764965,-0.08131138235330582,-2.202650547027588,0.03326202929019928
1790756535847258105,pose,-0.0062377601861953735,-0.08303602039813995,-2.201650381088257,0.032136473804712296
1790756535909460611,pose,-0.005866836290806532,-0.08526603877544403,-2.1993167400360107,0.03095891699194908
1790756535925777247,pose,-0.005202568136155605,-0.089675672352314,-2.1951847076416016,0.02871027961373329
1790756535938948906,pose,-0.004900150001049042,-0.09187251329421997,-2.1933186054229736,0.02759268507361412
1790756535942716335,pose,-0.004613184370100498,-0.0940718948841095,-2.1915571689605713,0.026480257511138916
1790756536000707961,det,-0.8559575654010891,0.005888701325798455,1.9497075970928601,0
1790756536041120596,det,-0.8434697516308806,0.004273637883602511,1.9505210886499926,0
1790756536082480218,pose,-0.004313794430345297,-0.09632863849401474,-2.189709424972534,0.025374064221978188
1790756536098157130,pose,-0.004024548921734095,-0.09947581589221954,-2.1877946853637695,0.02374284155666828
1790756536123471452,pose,-0.0037636549677699804,-0.10174573957920074,-2.1861612796783447,0.022480078041553497
1790756536146303859,det,-0.831998921016401,0.0022297947737747524,1.959804528320085,0
1790756536199536636,pose,-0.0035155550576746464,-0.10402117669582367,-2.184608221054077,0.021235644817352295
1790756536220545227,pose,-0.0030513096135109663,-0.10859957337379456,-2.181703805923462,0.01878780871629715
1790756536221071424,pose,-0.0028329805936664343,-0.11090607196092606,-2.1803321838378906,0.017584780231118202
1790756536243031087,det,-0.8145654020586051,-0.0003943497100868189,1.9578737507044233,0
1790756536299857630,pose,-0.00262259179726243,-0.11322566866874695,-2.1790058612823486,0.016394788399338722
1790756536307829403,pose,-0.002449295949190855,-0.1184154525399208,-2.1767024993896484,0.01405575405806303
1790756536327206840,pose,-0.002479907590895891,-0.12127447873353958,-2.1757113933563232,0.012881136499345303
1790756536329513106,pose,-0.0025109788402915,-0.12413728982210159,-2.174745798110962,0.011748498305678368
1790756536369160817,det,-0.7909506062837157,-0.0026416000548350107,1.9436293889685896,0
1790756536441636719,pose,-0.002542694564908743,-0.12700462341308594,-2.1738033294677734,0.010629581287503242
1790756536454399853,pose,-0.002608354901894927,-0.13275524973869324,-2.1719813346862793,0.008436741307377815
1790756536463002263,pose,-0.0026423598174005747,-0.13563917577266693,-2.1710996627807617,0.007363729178905487
1790756536483250868,det,-0.7742609003789138,-0.00444306789213513,1.9421964026495995,0
1790756536551103656,pose,-0.0026773400604724884,-0.1385290026664734,-2.170236587524414,0.006310600787401199
1790756536568568864,pose,-0.00271347863599658,-0.14142467081546783,-2.1693923473358154,0.0052498988807201385
1790756536570247134,pose,-0.002753804437816143,-0.14432436227798462,-2.168565273284912,0.004192492924630642
1790756536607246015,det,-0.7586137738118146,-0.005656523551623555,1.9451140677049659,0
1790756536655424917,pose,-0.0027957800775766373,-0.1472296565771103,-2.167754650115967,0.003103954251855612
1790756536668105002,pose,-0.002840854227542877,-0.15021802484989166,-2.1668663024902344,0.00204673339612782
1790756536680007702,pose,-0.0028876350261271,-0.15319333970546722,-2.166017532348633,0.0010092436568811536
1790756536685360434,pose,-0.0029361501801759005,-0.15615950524806976,-2.1652021408081055,2.278886313433759e-06
1790756536712031440,det,-0.7397152286759524,-0.00709042052628397,1.9365102825049618,0
1790756536778445512,pose,-0.0027122769970446825,-0.16227467358112335,-2.1637840270996094,-0.0019388414220884442
1790756536795237695,pose,-0.0024487292394042015,-0.16542401909828186,-2.163170337677002,-0.0027456795796751976
1790756536809346876,pose,-0.0021967662032693624,-0.16856957972049713,-2.1625733375549316,-0.003531521651893854
1790756536817890674,det,-0.7201807706278055,-0.008252618755431998,1.9310078472431407,0
1790756536883435072,pose,-0.001954104285687208,-0.1717122197151184,-2.161991834640503,-0.004339396487921476
1790756536897571361,pose,-0.0014944603899493814,-0.1779920905828476,-2.160870313644409,-0.005890246480703354
1790756536904301061,pose,-0.0012765929568558931,-0.1811302900314331,-2.1603283882141113,-0.0066323308274149895
1790756536944850741,det,-0.7030907463449486,-0.008941329704324584,1.9312570335886183,0
1790756537008846026,pose,-0.0010661754058673978,-0.18426772952079773,-2.1597981452941895,-0.007354269735515118
1790756537012867107,pose,-0.0008628488285467029,-0.18740439414978027,-2.1592788696289062,-0.008056062273681164
1790756537028654914,pose,-0.0004766963829752058,-0.19367538392543793,-2.158271312713623,-0.00939690787345171
1790756537036235633,pose,-0.0002652451803442091,-0.1968843787908554,-2.15771746635437,-0.010035263374447823
1790756537089227707,det,-0.6857803771893906,-0.009561541965250839,1.9309811791610973,0
1790756537151323763,pose,-4.11631481256336e-05,-0.20014962553977966,-2.157118082046509,-0.010593447834253311
1790756537161074223,pose,0.0001662464637774974,-0.20338061451911926,-2.156559705734253,-0.011130031198263168
1790756537170888729,pose,0.0005415289779193699,-0.20976752042770386,-2.155534267425537,-0.012129105627536774
1790756537196484995,det,-0.6670036811807314,-0.009599009744090172,1.922392822279263,0
1790756537251367638,pose,0.0002881869440898299,-0.2126471996307373,-2.1555440425872803,-0.012594579719007015
1790756537262959134,pose,4.293647361919284e-05,-0.2155255228281021,-2.155552864074707,-0.013024253770709038
1790756537274567326,pose,-0.0001952008460648358,-0.21840350329875946,-2.15556001663208,-0.013433997519314289
1790756537330243028,pose,-0.0006472686072811484,-0.224158376455307,-2.155569314956665,-0.014133031480014324
1790756537338992027,pose,-0.0008650516392663121,-0.22703711688518524,-2.1555705070495605,-0.014430256560444832
1790756537351456090,pose,-0.0010780977318063378,-0.22991685569286346,-2.155569314956665,-0.014710926450788975
1790756537409982508,pose,-0.0012866976903751493,-0.2327975332736969,-2.1555628776550293,-0.014971916563808918
1790756537429180097,pose,-0.0016916811000555754,-0.2385610044002533,-2.1555421352386475,-0.015441512688994408
1790756537429790698,pose,-0.0018887846963480115,-0.24144352972507477,-2.1555280685424805,-0.015649612993001938
1790756537441467206,pose,-0.002269830321893096,-0.24720510840415955,-2.1554925441741943,-0.016014833003282547
1790756537468294345,det,-0.6500862489350455,-0.009955178893636016,1.921970018918532,0
1790756537520533408,pose,-0.002453958848491311,-0.2500835657119751,-2.1554677486419678,-0.01614755019545555
1790756537540822133,pose,-0.002635249635204673,-0.25296148657798767,-2.15544056892395,-0.016263283789157867
1790756537550056443,pose,-0.00256698508746922,-0.25864875316619873,-2.154414415359497,-0.016412856057286263
1790756537577484468,det,-0.6330926469230203,-0.009906128249055842,1.9213309928701203,0
1790756537625184582,det,-0.6169317209130551,-0.0096643650156718,1.9229694872480434,0
1790756537678183320,det,-0.598411465155811,-0.008861596168414863,1.9138367398001979,0
1790756537700038626,pose,-0.002536302898079157,-0.261492520570755,-2.1539156436920166,-0.016449077054858208
1790756537704791614,pose,-0.0025078458711504936,-0.2643360197544098,-2.153425931930542,-0.016471954062581062
1790756537715055486,pose,-0.0024816165678203106,-0.2671789824962616,-2.152945041656494,-0.016482224687933922
1790756537737210672,det,-0.5835414506039007,-0.00851255594516021,1.9134557789757933,0
1790756537789412988,pose,-0.0024574745912104845,-0.2700210213661194,-2.152472972869873,-0.016482608392834663
1790756537801166953,pose,-0.0024395082145929337,-0.272861510515213,-2.1520090103149414,-0.016470076516270638
1790756537808983947,pose,-0.002423760946840048,-0.27570056915283203,-2.1515533924102783,-0.01651940494775772
1790756537875144841,pose,-0.002398526994511485,-0.2813732624053955,-2.150665044784546,-0.016587724909186363
1790756537883145484,pose,-0.0023891532327979803,-0.28420621156692505,-2.1502318382263184,-0.016608871519565582
1790756537895996258,pose,-0.0023818910121917725,-0.2870364785194397,-2.149806261062622,-0.0166227575391531
1790756537902513397,pose,-0.002376734046265483,-0.2898640036582947,-2.149387836456299,-0.0166289284825325
1790756537965867235,pose,-0.002372548682615161,-0.29551029205322266,-2.148571491241455,-0.016619380563497543
1790756537974168084,pose,-0.0018466613255441189,-0.2986828684806824,-2.1482696533203125,-0.01660321094095707
1790756538002309993,pose,-0.0013335408875718713,-0.3018442988395691,-2.1479721069335938,-0.016441505402326584
1790756538062355578,det,-0.5691964332748508,-0.007609278897516222,1.9150302383186764,0
1790756538089497481,det,-0.554745504008253,-0.006072831524394754,1.9155369763681882,0
1790756538145925114,pose,-0.0008326764218509197,-0.30499470233917236,-2.1476776599884033,-0.016263622790575027
1790756538157875909,det,-0.5430468538696527,-0.004421890713399097,1.914953572137306,0
1790756538161365950,pose,-0.000343767402227968,-0.30813416838645935,-2.1473870277404785,-0.01602444425225258
1790756538163814680,pose,0.00013363524340093136,-0.31126275658607483,-2.147099733352661,-0.015804575756192207
1790756538198199225,det,-0.5288706029253072,-0.0019094897487196144,1.9151513026833356,0
1790756538246269630,pose,0.0005998160340823233,-0.31438037753105164,-2.1468160152435303,-0.015598048456013203
1790756538256921297,pose,0.001054997555911541,-0.31748709082603455,-2.146535634994507,-0.015396442264318466
1790756538266935326,pose,0.0019331939984112978,-0.3236677944660187,-2.145984411239624,-0.015003292821347713
1790756538273492782,pose,0.002356259385123849,-0.32674533128738403,-2.1457128524780273,-0.014808393083512783
1790756538301420477,det,-0.5173957840477622,0.0012161182603899064,1.9161708679975515,0
1790756538354125338,pose,0.0027693542651832104,-0.3298119306564331,-2.14544415473938,-0.014609214849770069
1790756538367214794,pose,0.0031726674642413855,-0.3328676223754883,-2.145179033279419,-0.01440842729061842
1790756538374056245,pose,0.003950735088437796,-0.33894601464271545,-2.144657611846924,-0.01400073803961277
1790756538390165804,det,-0.5058086274115867,0.003997525261948328,1.9165119441323368,0
1790756538454107828,pose,0.0043259612284600735,-0.3419687747955322,-2.1444005966186523,-0.013791690580546856
1790756538466220515,pose,0.004692205227911472,-0.34498050808906555,-2.14414644241333,-0.013579501770436764
1790756538474139601,pose,0.004663687665015459,-0.34792086482048035,-2.143609046936035,-0.013364427722990513
1790756538538663934,pose,0.004607828799635172,-0.35376664996147156,-2.142566204071045,-0.013128126040101051
1790756538544953412,pose,0.0045804656110703945,-0.3566719889640808,-2.1420600414276123,-0.012983418069779873
1790756538556836552,pose,0.004551929887384176,-0.35956719517707825,-2.141564130783081,-0.012835524044930935
1790756538565058269,pose,0.004537852015346289,-0.362536758184433,-2.1409401893615723,-0.012690071947872639
1790756538637034305,det,-0.4925961553178138,0.0060725160346564964,1.9126132589497529,0
1790756538694326149,pose,0.0044946931302547455,-0.3683852255344391,-2.1398189067840576,-0.01239808276295662
1790756538696045719,pose,0.00446707010269165,-0.371273010969162,-2.139305591583252,-0.012257061898708344
1790756538705455145,det,-0.4804642856665213,0.008222208946438162,1.9100337618185947,0
1790756538707716370,pose,0.004436042159795761,-0.37414059042930603,-2.1388165950775146,-0.012118850834667683
1790756538762855554,det,-0.4658709858264944,0.01025887429208858,1.905036426094312,0
1790756538819203057,pose,0.004395745228976011,-0.37698981165885925,-2.1383488178253174,-0.011982565745711327
1790756538822515374,pose,0.004352492280304432,-0.3798225522041321,-2.1378984451293945,-0.011906640604138374
1790756538842998350,pose,0.004306406248360872,-0.3826400637626648,-2.137463331222534,-0.011832850985229015
1790756538870796210,det,-0.45601530538507434,0.012333522078170546,1.9073831502439522,0
1790756538925891050,pose,0.00420608464628458,-0.38823264837265015,-2.1366312503814697,-0.011689987033605576
1790756538933263742,pose,0.004776538349688053,-0.3907928764820099,-2.1359164714813232,-0.011621907353401184
1790756538945807335,pose,0.005328724626451731,-0.3933449387550354,-2.1352224349975586,-0.011432472616434097
1790756538957032850,pose,0.005863730795681477,-0.3958887755870819,-2.1345460414886475,-0.011246208101511002
1790756539039947407,pose,0.006892483681440353,-0.4009489417076111,-2.1332406997680664,-0.01082664355635643
1790756539040739919,pose,0.007384365890175104,-0.40346643328666687,-2.132610321044922,-0.010594313032925129
1790756539042308962,pose,0.007862070575356483,-0.4059753119945526,-2.1319937705993652,-0.010362520813941956
1790756539096896486,det,-0.44620639648092697,0.014876372984863037,1.913159723331905,0
1790756539155213239,det,-0.4347205086287074,0.0170361269497423,1.9145301846046514,0
1790756539171010542,pose,0.00832628645002842,-0.4084755480289459,-2.131392478942871,-0.010129767470061779
1790756539182565362,pose,0.008777556009590626,-0.41096699237823486,-2.1308040618896484,-0.009898509830236435
1790756539190667489,pose,0.00921634305268526,-0.4134495258331299,-2.130228042602539,-0.009667128324508667
1790756539255717062,pose,0.010057862848043442,-0.4183875620365143,-2.1291115283966064,-0.009206840768456459
1790756539266661142,pose,0.0104649243876338,-0.4208427965641022,-2.128570318222046,-0.008979279547929764
1790756539275209206,pose,0.011245976202189922,-0.42572546005249023,-2.1275241374969482,-0.008501066826283932
1790756539286287148,pose,0.011645931750535965,-0.42826882004737854,-2.127593755722046,-0.008263973519206047
1790756539308062424,det,-0.42377641023126383,0.01825179041644258,1.9149051545538687,0
1790756539352901061,det,-0.41265912282529826,0.020335064844191186,1.9113864078932148,0
1790756539400578350,pose,0.01203529629856348,-0.43079957365989685,-2.127656936645508,-0.008006970398128033
1790756539407000657,pose,0.012414258904755116,-0.4333176910877228,-2.127714157104492,-0.007749198004603386
1790756539419924770,pose,0.012783145532011986,-0.4358232319355011,-2.127765655517578,-0.007492223754525185
1790756539446625557,det,-0.40023554671165246,0.02271383456615276,1.9045588119026913,0
1790756539504344170,pose,0.013142293319106102,-0.438316285610199,-2.127811908721924,-0.007235897704958916
1790756539516034508,pose,0.013827997259795666,-0.4432641565799713,-2.127887725830078,-0.006740157958120108
1790756539524141986,pose,0.01415653619915247,-0.4457198977470398,-2.1279189586639404,-0.006504845339804888
1790756539588868024,pose,0.014475738629698753,-0.44816359877586365,-2.1279456615448,-0.006271245889365673
1790756539592609152,pose,0.014785788021981716,-0.45059531927108765,-2.1279683113098145,-0.006040675099939108
1790756539608926535,pose,0.015378556214272976,-0.45542365312576294,-2.128000259399414,-0.005590984597802162
1790756539649790760,det,-0.38976850702031474,0.024989260668786154,1.900424742326442,0
1790756539694689629,det,-0.3794843082542434,0.02845018086434079,1.8986805350334148,0
1790756539726213203,pose,0.01566139981150627,-0.45782041549682617,-2.128009796142578,-0.005372548941522837
1790756539740685523,pose,0.015935329720377922,-0.46020567417144775,-2.1280155181884766,-0.005157700274139643
1790756539745668872,pose,0.0161917582154274,-0.46257802844047546,-2.1280179023742676,-0.004948441870510578
1790756539757356349,pose,0.016644680872559547,-0.4675869047641754,-2.127375364303589,-0.004681529942899942
1790756539796377018,det,-0.3718668171499665,0.031523672232291286,1.8993408455290701,0
1790756539854785317,pose,0.016841959208250046,-0.4702167212963104,-2.1267483234405518,-0.004562648944556713
1790756539860857081,pose,0.017031438648700714,-0.4728286862373352,-2.126134157180786,-0.004449211061000824
1790756539866829508,pose,0.01721314713358879,-0.4754229784011841,-2.1255321502685547,-0.004342670552432537
1790756539898808581,det,-0.36298150474319235,0.033597585815498286,1.900385545961367,0
1790756539955747822,pose,0.01755349338054657,-0.480559378862381,-2.124364137649536,-0.004140054807066917
1790756539967803682,pose,0.017712319269776344,-0.48310205340385437,-2.1237971782684326,-0.004045907873660326
1790756539976828678,pose,0.017860962077975273,-0.48562613129615784,-2.1232430934906006,-0.00395666528493166
1790756540001108099,det,-0.35434767613503115,0.03589932474250348,1.9022964878839155,0
1790756540064529868,pose,0.018002187833189964,-0.4881336987018585,-2.1227002143859863,-0.003920418675988913
1790756540089404862,pose,0.01813606359064579,-0.49062493443489075,-2.1221675872802734,-0.0038865648675709963
1790756540096884736,pose,0.01826271414756775,-0.4931001663208008,-2.121645450592041,-0.003856360912322998
1790756540134693277,det,-0.3448670298489725,0.03804908081105079,1.8993787357763703,0
1790756540165561055,pose,0.018382228910923004,-0.49555957317352295,-2.12113356590271,-0.0038307341746985912
1790756540174111805,pose,0.0184947419911623,-0.498003214597702,-2.120631456375122,-0.0038103959523141384
1790756540193872280,pose,0.01869911514222622,-0.5028435587882996,-2.1196584701538086,-0.003778885118663311
1790756540194283341,pose,0.018684914335608482,-0.5052881836891174,-2.118978977203369,-0.003767542075365782
1790756540216743054,det,-0.33483606172723984,0.03980528324078366,1.8955278116620862,0
1790756540272369601,pose,0.018665408715605736,-0.5077183842658997,-2.1183135509490967,-0.0037297264207154512
1790756540281246931,pose,0.018642770126461983,-0.5101323127746582,-2.117661714553833,-0.003716360544785857
1790756540297736049,pose,0.01858820766210556,-0.5149122476577759,-2.116398572921753,-0.0037004954647272825
1790756540323981239,det,-0.3282111534948896,0.041199840724927966,1.8981851979136801,0
1790756540375730838,pose,0.01855635643005371,-0.5172786712646484,-2.1157894134521484,-0.0036938560660928488
1790756540390411768,pose,0.018537279218435287,-0.5196661353111267,-2.115116596221924,-0.0036875277291983366
1790756540397293212,pose,0.01851111650466919,-0.5220289826393127,-2.1144754886627197,-0.0036856771912425756
1790756540431802825,det,-0.3206914826133056,0.044036105034216566,1.904410422834745,0
1790756540494631498,pose,0.01844102330505848,-0.526689350605011,-2.1132700443267822,-0.0036833472549915314
1790756540502260200,pose,0.018393950536847115,-0.5289902687072754,-2.112699508666992,-0.0036860366817563772
1790756540517960980,pose,0.01834229566156864,-0.5312731266021729,-2.112149953842163,-0.0037240355741232634
1790756540522512146,pose,0.01828642189502716,-0.5335386991500854,-2.111616611480713,-0.0037617406342178583
1790756540598324504,pose,0.018226642161607742,-0.5357877016067505,-2.111098051071167,-0.0038007244002074003
1790756540604121748,pose,0.018096284940838814,-0.5402379035949707,-2.110100507736206,-0.00387430633418262
1790756540620960646,pose,0.01854863576591015,-0.5423592329025269,-2.1091930866241455,-0.00390793289989233
1790756540643411850,det,-0.3121911897758637,0.04591166569452111,1.9078277756160174,0
1790756540692252030,det,-0.3033646424934996,0.047030244345532574,1.9072723446690008,0
1790756540714832724,pose,0.018985697999596596,-0.544468104839325,-2.108313798904419,-0.0038744311314076185
1790756540726686076,pose,0.019697118550539017,-0.5506664514541626,-2.10642147064209,-0.003722929861396551
1790756540738199451,pose,0.02008555643260479,-0.5527283549308777,-2.105604410171509,-0.0037477384321391582
1790756540793418812,pose,0.02082337997853756,-0.5568166375160217,-2.10402512550354,-0.003756594378501177
1790756540808952181,pose,0.021173588931560516,-0.5588433146476746,-2.1032679080963135,-0.0037498814053833485
1790756540814200261,pose,0.021511996164917946,-0.5608583688735962,-2.102527618408203,-0.003738120896741748
1790756540823499098,pose,0.021838830783963203,-0.5628616213798523,-2.101803779602051,-0.0037239156663417816
1790756540874159092,det,-0.2961052622739699,0.04823561322694388,1.9079308170483233,0
1790756540934937903,det,-0.2886400041475143,0.05002969339504219,1.905484134614285,0
1790756540954731227,pose,0.022154418751597404,-0.5648533701896667,-2.1010959148406982,-0.0037157521583139896
1790756540964851388,pose,0.02246200665831566,-0.5668258666992188,-2.1004037857055664,-0.0037019033916294575
1790756540975095752,pose,0.022758902981877327,-0.5687868595123291,-2.0997273921966553,-0.0036831870675086975
1790756540997015763,det,-0.28050482599031756,0.051902229234372065,1.902451245318637,0
1790756541059054490,pose,0.023045336827635765,-0.5707366466522217,-2.0990710258483887,-0.0036604737397283316
1790756541071504554,pose,0.023321587592363358,-0.572675347328186,-2.098428964614868,-0.0036329657305032015
1790756541078351053,pose,0.02334890328347683,-0.5748928189277649,-2.0975804328918457,-0.0036026963498443365
1790756541116315982,det,-0.2725433017093267,0.05397224470402137,1.904116796740595,0
1790756541174488018,pose,0.023393061012029648,-0.5792708992958069,-2.095940351486206,-0.0035465979017317295
1790756541189076002,pose,0.023409923538565636,-0.5814321637153625,-2.0951480865478516,-0.003515456337481737
1790756541194509916,pose,0.023423420265316963,-0.5835750102996826,-2.0943732261657715,-0.0034829233773052692
1790756541202761769,pose,0.02344229817390442,-0.585702121257782,-2.093622922897339,-0.0034476781729608774
1790756541255948236,det,-0.26707982518620066,0.05633521172391103,1.9092799382286634,0
1790756541305565564,pose,0.023524198681116104,-0.5899873971939087,-2.09197998046875,-0.0032941654790192842
1790756541312387083,pose,0.02357373759150505,-0.5921239852905273,-2.0911362171173096,-0.00321703078225255
1790756541324184904,pose,0.023609396070241928,-0.5942267775535583,-2.090346097946167,-0.0031372657977044582
1790756541357828621,det,-0.25984792935280826,0.058120878973966734,1.906490339827608,0
1790756541399680000,pose,0.023633455857634544,-0.5963000655174255,-2.0896074771881104,-0.0030563308391720057
1790756541412881847,pose,0.023647649213671684,-0.5983469486236572,-2.088905096054077,-0.0029730445239692926
1790756541425134266,pose,0.02365332469344139,-0.6003699898719788,-2.0882339477539062,-0.002885255264118314
1790756541449025576,det,-0.253970350042814,0.06072085337985653,1.909940710020148,0
1790756541505725399,pose,0.023679671809077263,-0.6024004817008972,-2.0875051021575928,-0.002798547502607107
1790756541513827054,pose,0.025521067902445793,-0.6082808971405029,-2.0861458778381348,-0.0025933189317584038
1790756541526660590,pose,0.02642529457807541,-0.6107281446456909,-2.085543632507324,-0.002413918497040868
1790756541537003468,pose,0.02726905234158039,-0.6131227612495422,-2.084981918334961,-0.0022493358701467514
1790756541583927752,pose,0.02881108596920967,-0.617781937122345,-2.083951711654663,-0.0019427230581641197
1790756541598495952,pose,0.029522670432925224,-0.6200565099716187,-2.0834734439849854,-0.001795258023776114
1790756541625367014,pose,0.030194703489542007,-0.6223052740097046,-2.083021402359009,-0.0016480967169627547
1790756541630688420,det,-0.24747766463378434,0.06259139554861959,1.9115868748633424,0
1790756541667922777,det,-0.2397629813486129,0.06444001575935951,1.9099107894075222,0
1790756541708073999,pose,0.03083735704421997,-0.6245247721672058,-2.0825862884521484,-0.0015283100074157119
1790756541727221844,pose,0.032045263797044754,-0.6288847923278809,-2.081760883331299,-0.0012892436934635043
1790756541729314209,pose,0.03261462599039078,-0.631028413772583,-2.0813677310943604,-0.0011722579365596175
1790756541757012676,det,-0.23317460998192954,0.06579274730617855,1.9097526271113672,0
1790756541825665455,pose,0.03316311165690422,-0.6331494450569153,-2.0809857845306396,-0.0010469593107700348
1790756541833586527,pose,0.03369196876883507,-0.6352488398551941,-2.0806140899658203,-0.000928007997572422
1790756541845948302,pose,0.03420219570398331,-0.6373274326324463,-2.08025860786438,-0.0008143532322719693
1790756541905253048,det,-0.2272799159430497,0.06804688449498633,1.9081067049923606,0
1790756541946642616,pose,0.035926152020692825,-0.6391881108283997,-2.080242395401001,-0.0007027260726317763
1790756541964285839,pose,0.039571329951286316,-0.6429305076599121,-2.080167531967163,-0.0005097322282381356
1790756541967240452,pose,0.04126420244574547,-0.6447682976722717,-2.0801377296447754,-0.00041808810783550143
1790756541978641822,pose,0.042884986847639084,-0.6465865969657898,-2.080115795135498,-0.0003300882817711681
1790756542003629463,det,-0.2204568805600211,0.07013884070430783,1.9028415992837187,0
1790756542063386774,pose,0.044624097645282745,-0.6484233140945435,-2.0800702571868896,-0.00024149371893145144
1790756542073590323,pose,0.04780831187963486,-0.652021050453186,-2.080002784729004,-7.47652375139296e-05
1790756542079925109,pose,0.04928242787718773,-0.6537898182868958,-2.079977035522461,1.8441249949319172e-06
1790756542105838921,det,-0.21295720284519729,0.07138441465463484,1.8974725680190894,0
1790756542179549702,pose,0.050690583884716034,-0.6555395126342773,-2.0799546241760254,9.431804210180417e-05
1790756542187975723,pose,0.052040260285139084,-0.657271683216095,-2.079939126968384,0.0001812615228118375
1790756542200048472,pose,0.05458727851510048,-0.6606873869895935,-2.079911231994629,0.0003430986253079027
1790756542252696828,pose,0.05579342693090439,-0.6623724102973938,-2.0798988342285156,0.00042011664481833577
1790756542272554218,pose,0.05798248574137688,-0.6653063893318176,-2.0789437294006348,0.0005600358126685023
1790756542273258808,pose,0.05894355848431587,-0.6665623188018799,-2.0780601501464844,0.000585889327339828
1790756542349070079,det,-0.20733941574585188,0.07300702329527023,1.8982749450720136,0
1790756542378646705,det,-0.20339789062253935,0.07449084792800563,1.9025585947963335,0
1790756542402011629,pose,0.059853583574295044,-0.6678139567375183,-2.077218770980835,0.0005729385884478688
1790756542412061391,pose,0.0607190802693367,-0.6690608263015747,-2.07641339302063,0.0005550901405513287
1790756542421891941,pose,0.06154530122876167,-0.6703026294708252,-2.075639486312866,0.000534981896635145
1790756542429391896,pose,0.062336113303899765,-0.6715391278266907,-2.0748934745788574,0.0005119997658766806
1790756542490172973,pose,0.06382300704717636,-0.6739946007728577,-2.07348370552063,0.00045603024773299694
1790756542497457314,pose,0.06452371180057526,-0.6752132773399353,-2.07281494140625,0.0004251702921465039
1790756542509839251,pose,0.06519415974617004,-0.6764247417449951,-2.072164535522461,0.00038892324664629996
1790756542572373263,pose,0.06583991646766663,-0.677629828453064,-2.0715317726135254,0.0003090895479544997
1790756542584175546,pose,0.06706138700246811,-0.6800205707550049,-2.0703141689300537,0.00014244057820178568
1790756542595091619,pose,0.06763876229524612,-0.6812060475349426,-2.0697367191314697,5.594068352365866e-05
1790756542619006676,det,-0.19843234148057612,0.07651804998124005,1.9057727330739918,0
1790756542684981418,det,-0.19353077985942446,0.07838830758078104,1.9066001455150192,0
1790756542757605911,pose,0.06889740377664566,-0.6836576461791992,-2.0690033435821533,-0.00012458444689400494
1790756542758578374,det,-0.18830208338794943,0.07983408379744464,1.9060557861215828,0
1790756542764855963,pose,0.06957754492759705,-0.6849223971366882,-2.068835973739624,-0.00022880651522427797
1790756542774515014,pose,0.0702359527349472,-0.686178982257843,-2.0686700344085693,-0.00033313967287540436
1790756542782797106,pose,0.0708661824464798,-0.6874257326126099,-2.0685060024261475,-0.0004405017534736544
1790756542846326707,pose,0.07147607952356339,-0.688664436340332,-2.0683438777923584,-0.0006170944543555379
1790756542855294521,pose,0.07206600159406662,-0.6898953318595886,-2.068189859390259,-0.0007949552964419127
1790756542867873301,pose,0.07318798452615738,-0.6923337578773499,-2.0678870677948,-0.0011490003671497107
1790756542921457853,pose,0.07372096925973892,-0.6935413479804993,-2.0677380561828613,-0.0013262253487482667
1790756542932340435,pose,0.0742357149720192,-0.6947414875030518,-2.0675909519195557,-0.001502231927588582
1790756542940265641,pose,0.07473254948854446,-0.6959341168403625,-2.0674452781677246,-0.0016777403652668
1790756542989006947,det,-0.18359661721948173,0.0808965293462802,1.9076566713245826,0
1790756543044335671,det,-0.17841979038144543,0.08199921400169652,1.9046651292911942,0
1790756543079614782,pose,0.07566884160041809,-0.6982978582382202,-2.067171096801758,-0.0020260245073586702
1790756543082864806,pose,0.07610920816659927,-0.6994693279266357,-2.0670363903045654,-0.0022006421349942684
1790756543093655381,pose,0.0765332356095314,-0.7006339430809021,-2.0669031143188477,-0.0023744963109493256
1790756543099257247,pose,0.07694126665592194,-0.7017917633056641,-2.066771984100342,-0.0025459839962422848
1790756543102878719,det,-0.17382650206726458,0.0830114575115712,1.9031042187274239,0
1790756543176042156,pose,0.07744240760803223,-0.7029905915260315,-2.06642746925354,-0.002714894013479352
1790756543179146604,pose,0.07792462408542633,-0.7041815519332886,-2.06609845161438,-0.002857304411008954
1790756543190475540,pose,0.07838831841945648,-0.7053647041320801,-2.0657765865325928,-0.0029968114104121923
1790756543248296585,pose,0.07883372157812119,-0.7065402269363403,-2.065462112426758,-0.0031339663546532393
1790756543264944742,pose,0.07967253774404526,-0.7088669538497925,-2.0648531913757324,-0.003398603294044733
1790756543269021309,pose,0.0800667405128479,-0.7100183963775635,-2.064558506011963,-0.0035189399495720863
1790756543337170675,det,-0.16983069427909703,0.08365957650861104,1.9016737307016691,0
1790756543368619481,det,-0.16627932277289317,0.08406725706667913,1.903086104714392,0
1790756543405316411,pose,0.08044394105672836,-0.7111625075340271,-2.0642778873443604,-0.0036358933430165052
1790756543420812841,pose,0.08080447465181351,-0.7122995257377625,-2.0640032291412354,-0.003747534705325961
1790756543424917509,det,-0.16270404761728033,0.08479008952569761,1.9026876836497548,0
1790756543425297244,pose,0.08147638291120529,-0.7145522236824036,-2.0634706020355225,-0.003950963262468576
1790756543431313585,pose,0.0817883238196373,-0.7156680226325989,-2.0632123947143555,-0.004046303685754538
1790756543503377360,pose,0.0820845365524292,-0.7167768478393555,-2.062959671020508,-0.004135082010179758
1790756543510591207,pose,0.08236528187990189,-0.7178788781166077,-2.0627119541168213,-0.004219407215714455
1790756543528430443,pose,0.08354013413190842,-0.7202715873718262,-2.0621047019958496,-0.004370615817606449
1790756543570617740,det,-0.1590317775042113,0.08564891386906093,1.9015740767511258,0
1790756543623376610,det,-0.1546045346376224,0.08621918741655867,1.89625822404298,0
1790756543635422096,pose,0.08441756665706635,-0.7215564846992493,-2.0617423057556152,-0.004376533906906843
1790756543649694061,pose,0.08607960492372513,-0.7240896224975586,-2.0610458850860596,-0.004367492161691189
1790756543656124964,pose,0.0868656113743782,-0.7253382802009583,-2.0607106685638428,-0.004354723263531923
1790756543680196307,det,-0.15035510802682217,0.0867028351072925,1.8935217620979832,0
1790756543739506388,pose,0.08762262761592865,-0.7265751361846924,-2.060391902923584,-0.004337893798947334
1790756543747740863,pose,0.08835136145353317,-0.7278003692626953,-2.0600812435150146,-0.004315937403589487
1790756543761917421,pose,0.08972665667533875,-0.7302166819572449,-2.059483051300049,-0.004255685023963451
1790756543767752065,pose,0.09037207812070847,-0.73140949010849,-2.059194803237915,-0.004219586495310068
1790756543816950282,det,-0.1460282446573552,0.08719440313141363,1.8916090720538383,0
1790756543876887558,pose,0.09099169075489044,-0.7325913310050964,-2.0589139461517334,-0.004170744679868221
1790756543886809012,pose,0.09158612787723541,-0.7337622046470642,-2.058648109436035,-0.0041190278716385365
1790756543897254262,pose,0.09215603768825531,-0.7349223494529724,-2.0583887100219727,-0.004062224179506302
1790756543913531380,det,-0.14240992747915673,0.08756376189464841,1.8900932421645613,0
1790756543965840664,pose,0.09270200878381729,-0.7360720038414001,-2.0581352710723877,-0.004001940134912729
1790756543977089155,pose,0.09322462975978851,-0.7372114062309265,-2.0578880310058594,-0.003935602027922869
1790756543990612205,pose,0.09372439980506897,-0.7383406162261963,-2.0576469898223877,-0.0038675356190651655
1790756544025206294,det,-0.13932513216647113,0.0876680639387386,1.890525730953013,0
1790756544078210488,pose,0.09478425234556198,-0.7403712868690491,-2.0569214820861816,-0.003731086617335677
1790756544089656702,pose,0.09527347981929779,-0.7413676381111145,-2.056577682495117,-0.003663059324026108
1790756544107233608,pose,0.0961858257651329,-0.7433363795280457,-2.0559165477752686,-0.0035953109618276358
1790756544137273521,det,-0.1361567680380957,0.08777054671262821,1.8909312348611491,0
1790756544183993682,pose,0.09661010652780533,-0.7443090081214905,-2.055598735809326,-0.0035575793590396643
1790756544204291096,pose,0.09657317399978638,-0.7472264766693115,-2.055079698562622,-0.0034577108453959227
1790756544204675347,pose,0.09695044904947281,-0.7481704950332642,-2.0547800064086914,-0.0034135908354073763
1790756544218017564,pose,0.09730816632509232,-0.7491065859794617,-2.0544962882995605,-0.0033703024964779615
1790756544252942536,det,-0.13269303525528006,0.08831847574776491,1.8901800814710545,0
1790756544307547376,pose,0.09764676541090012,-0.7500349283218384,-2.0542197227478027,-0.0033266909886151552
1790756544324817357,pose,0.09796664863824844,-0.7509554028511047,-2.0539495944976807,-0.0032853353768587112
1790756544328950425,pose,0.0982719212770462,-0.751869261264801,-2.0536859035491943,-0.003244380932301283
1790756544350001439,det,-0.1295278284067998,0.08828131940991779,1.889388102385616,0
1790756544409913109,pose,0.0988292321562767,-0.7536742091178894,-2.053177833557129,-0.0031259909737855196
1790756544418825406,pose,0.09908194094896317,-0.7545655369758606,-2.0529420375823975,-0.003069161204621196
1790756544434947605,pose,0.09931790828704834,-0.7554495334625244,-2.0527122020721436,-0.0030112862586975098
1790756544475407567,det,-0.1262729219677132,0.08816456400958798,1.8890375144977678,0
1790756544516974759,pose,0.09980610758066177,-0.7565029859542847,-2.0523056983947754,-0.0029556157533079386
1790756544536968049,pose,0.10027123987674713,-0.7575451731681824,-2.0519094467163086,-0.002876225858926773
1790756544544526126,pose,0.10071392357349396,-0.7585763931274414,-2.0515236854553223,-0.0027954510878771544
1790756544581188381,det,-0.12356738116654399,0.08760265261945577,1.8897314975916546,0
1790756544637347058,pose,0.10152185708284378,-0.7606108784675598,-2.050790309906006,-0.002680934965610504
1790756544642248494,pose,0.1018943265080452,-0.7616122961044312,-2.0504422187805176,-0.0026462003588676453
1790756544654669503,pose,0.10224646329879761,-0.7626033425331116,-2.050102949142456,-0.0026108846068382263
1790756544662292455,pose,0.10257876664400101,-0.7635843753814697,-2.049772024154663,-0.0025773176457732916
1790756544718605979,pose,0.1035870909690857,-0.7656253576278687,-2.0488946437835693,-0.002514190273359418
1790756544726716668,pose,0.10415443032979965,-0.7666553258895874,-2.0484180450439453,-0.0024826473090797663
1790756544738633926,pose,0.10461769253015518,-0.7676511406898499,-2.0480003356933594,-0.002449161373078823
1790756544793139055,pose,0.10500326007604599,-0.7686216831207275,-2.0476279258728027,-0.0024325931444764137
1790756544803828857,pose,0.10635532438755035,-0.7703009843826294,-2.0479109287261963,-0.002402308164164424
1790756544812751161,pose,0.106935054063797,-0.7711246609687805,-2.0480587482452393,-0.0023913835175335407
1790756544877352344,pose,0.10746391117572784,-0.7719392776489258,-2.048203468322754,-0.0023815094027668238
1790756544883863457,pose,0.10794898122549057,-0.7727454900741577,-2.048344373703003,-0.0023705177009105682
1790756544900895284,pose,0.10880863666534424,-0.7743258476257324,-2.0486137866973877,-0.0023537513334304094
1790756544903723439,pose,0.1091914027929306,-0.7751009464263916,-2.048741340637207,-0.0023934501223266125
1790756544938963838,det,-0.1210703326391742,0.08705018010627605,1.8915045650746036,0
1790756544974841350,det,-0.11813338791340883,0.08646906695009988,1.8919742213231523,0
1790756545027785311,det,-0.11501105862462012,0.08611385666231498,1.8919271377910116,0
1790756545052568242,pose,0.10954686999320984,-0.7758693099021912,-2.0488710403442383,-0.002435846719890833
1790756545060083859,pose,0.10987725853919983,-0.7766314744949341,-2.048994779586792,-0.0024799490347504616
1790756545072219369,pose,0.11046994477510452,-0.7781376838684082,-2.049224615097046,-0.0025689415633678436
1790756545091750761,det,-0.11211003299846396,0.0858466669208366,1.8927689079456644,0
1790756545146251137,det,-0.10991492023072133,0.08532674692813798,1.8964024674669615,0
1790756545175922382,pose,0.11073493212461472,-0.7788819074630737,-2.049330234527588,-0.0026120382826775312
1790756545208875939,pose,0.1109805703163147,-0.779620349407196,-2.049428701400757,-0.002657154807820916
1790756545209320425,pose,0.11120781302452087,-0.7803531289100647,-2.0495269298553467,-0.0027005597949028015
1790756545263806111,det,-0.10773568763367244,0.08464537161487169,1.899395877099169,0
1790756545286881682,pose,0.1114945337176323,-0.7819898724555969,-2.0496153831481934,-0.0027883751317858696
1790756545295578145,pose,0.11155815422534943,-0.7828911542892456,-2.0496063232421875,-0.0027795014902949333
1790756545307592793,pose,0.11160872131586075,-0.7837845087051392,-2.049588680267334,-0.002770697697997093
1790756545314966443,pose,0.11164656281471252,-0.7846701741218567,-2.0495617389678955,-0.0027621272020041943
1790756545341278705,det,-0.10546147821650778,0.08387674353787666,1.903397170194174,0
1790756545405332504,pose,0.11167189478874207,-0.7855483293533325,-2.049532890319824,-0.0027548896614462137
1790756545418966704,pose,0.11168647557497025,-0.7872827053070068,-2.0494437217712402,-0.0027340389788150787
1790756545428596439,pose,0.11167627573013306,-0.7881391644477844,-2.0493829250335693,-0.002721665892750025
1790756545460649917,det,-0.1034794885726802,0.08317648884277583,1.9066008727471626,0
1790756545518276406,pose,0.11165483295917511,-0.7889887094497681,-2.0493106842041016,-0.002708630869165063
1790756545527187539,pose,0.11157185584306717,-0.7906625866889954,-2.049130439758301,-0.0026811619754880667
1790756545534151922,pose,0.11151091009378433,-0.7914870381355286,-2.0490305423736572,-0.0026939285453408957
1790756545564733338,det,-0.1017980969880189,0.08250144412050853,1.907869464183529,0
1790756545613039286,pose,0.11143988370895386,-0.7923051118850708,-2.048917531967163,-0.0027027397882193327
1790756545624904047,pose,0.11135903000831604,-0.7931169867515564,-2.04879093170166,-0.0027102285530418158
1790756545633564490,pose,0.1111687570810318,-0.7947221994400024,-2.048496723175049,-0.002719269134104252
1790756545644810876,pose,0.11107344180345535,-0.7953859567642212,-2.047888994216919,-0.002721685217693448
1790756545668567856,det,-0.1001560145756083,0.08183284659269485,1.9076584914214882,0
1790756545740341663,pose,0.1109689325094223,-0.7960447669029236,-2.047290325164795,-0.0027573544066399336
1790756545748427361,pose,0.11085312813520432,-0.7967065572738647,-2.0466883182525635,-0.0027899828273802996
1790756545760101532,pose,0.11072845011949539,-0.7973635196685791,-2.0460827350616455,-0.002808777615427971
1790756545818864974,pose,0.11045316606760025,-0.7986630201339722,-2.044861078262329,-0.002839727094396949
1790756545829560820,pose,0.11030296981334686,-0.7993054986000061,-2.0442445278167725,-0.002854300430044532
1790756545837516464,pose,0.11014458537101746,-0.7999430894851685,-2.0436348915100098,-0.0028689808677881956
1790756545903068604,pose,0.10980424284934998,-0.8012032508850098,-2.0424001216888428,-0.00289237592369318
1790756545911526680,pose,0.10962291061878204,-0.8018260598182678,-2.041773796081543,-0.002903175773099065
1790756545923485143,pose,0.10943446308374405,-0.8024438619613647,-2.041141986846924,-0.002911914838477969
1790756545931678072,pose,0.10925348848104477,-0.8030608296394348,-2.0405049324035645,-0.002921344945207238
1790756546002777825,pose,0.10887066274881363,-0.8042798638343811,-2.0392374992370605,-0.002853083424270153
1790756546007896667,pose,0.10884882509708405,-0.8045378923416138,-2.038384437561035,-0.002818918786942959
1790756546018445035,pose,0.10881481319665909,-0.8047980666160583,-2.0375306606292725,-0.002744668861851096
1790756546046493099,det,-0.0982422920771358,0.08128391876910213,1.9059373223696747,0
1790756546096223414,det,-0.09589423084516917,0.08069461129845176,1.902493061297038,0
1790756546152865191,pose,0.1087116152048111,-0.805324137210846,-2.035820722579956,-0.0025935114827007055
1790756546155644771,pose,0.10864324122667313,-0.8055897951126099,-2.0349645614624023,-0.0025165744591504335
1790756546162020261,pose,0.10856397449970245,-0.8058569431304932,-2.034120559692383,-0.0024384239222854376
1790756546169469973,det,-0.09339813619004618,0.07992729974367332,1.898128975101987,0
1790756546214238929,det,-0.09116605428218062,0.0793769361458187,1.8960722867207365,0
1790756546240022864,pose,0.10848244279623032,-0.8061325550079346,-2.0332748889923096,-0.002356782555580139
1790756546247731301,pose,0.10839039087295532,-0.8064096570014954,-2.0324277877807617,-0.002203979529440403
1790756546260793021,pose,0.10817599296569824,-0.8069676160812378,-2.0307302474975586,-0.001893295906484127
1790756546319598032,pose,0.10805418342351913,-0.8072481155395508,-2.0298800468444824,-0.0017361989011988044
1790756546340934006,pose,0.10778246819972992,-0.8078114986419678,-2.028203248977661,-0.0014172556111589074
1790756546341327951,pose,0.10763311386108398,-0.8080942034721375,-2.027364492416382,-0.0012572112027555704
1790756546357236665,pose,0.10747504979372025,-0.8083774447441101,-2.02652645111084,-0.0010968288406729698
1790756546376421784,det,-0.08834031208040154,0.07846683476278268,1.89354328101688,0
1790756546418864781,det,-0.0857646004789012,0.07772344628268266,1.8916035243040938,0
1790756546477177082,pose,0.10730854421854019,-0.808661162853241,-2.025688648223877,-0.0009342959383502603
1790756546481997054,det,-0.0838440261543608,0.076787027070028,1.8904846181353265,0
1790756546487323520,pose,0.10753978043794632,-0.8093350529670715,-2.0246148109436035,-0.0007723828894086182
1790756546493953502,pose,0.1077554002404213,-0.8100017309188843,-2.023561477661133,-0.0005782939842902124
1790756546528925206,det,-0.08240556970212154,0.07610407919838627,1.890573281050399,0
1790756546577191021,pose,0.10814164578914642,-0.8113142251968384,-2.0214741230010986,-0.00019378984870854765
1790756546586248796,pose,0.10831314325332642,-0.8119603395462036,-2.020439863204956,-4.126321528019616e-06
1790756546596726245,pose,0.10847066342830658,-0.8125998973846436,-2.019411563873291,0.00018396947416476905
1790756546628528481,det,-0.08125496888372491,0.07525054900698631,1.8905686331910465,0
1790756546692356682,pose,0.10861466825008392,-0.813232958316803,-2.0183897018432617,0.0003688028082251549
1790756546703500509,pose,0.10886389017105103,-0.8144804835319519,-2.016392946243286,0.0007357430295087397
1790756546712105391,pose,0.10896789282560349,-0.8150944113731384,-2.0154027938842773,0.0009155200095847249
1790756546780849569,pose,0.10905991494655609,-0.8157026767730713,-2.014418363571167,0.001073754858225584
1790756546789775806,pose,0.10914026200771332,-0.81630539894104,-2.013439178466797,0.0012276150519028306
1790756546811805802,pose,0.1092093214392662,-0.8169026374816895,-2.012464761734009,0.001374667277559638
1790756546812689663,pose,0.10926735401153564,-0.8174944519996643,-2.0114951133728027,0.0015376751543954015
1790756546846607904,det,-0.08043872641899416,0.07458121720658842,1.8913716216868157,0
1790756546901610350,det,-0.07978900062465925,0.07388224028061993,1.891221702576691,0
1790756546917086843,pose,0.10931458324193954,-0.8180809020996094,-2.0105435848236084,0.0016888822428882122
1790756546924350759,pose,0.10907618701457977,-0.8189778327941895,-2.0092856884002686,0.0018274199683219194
1790756546931482180,pose,0.10883350670337677,-0.8198637366294861,-2.0080389976501465,0.0020159282721579075
1790756546981783029,det,-0.07921351300286662,0.07312901922346025,1.8907463406949072,0
1790756547021048583,pose,0.10858669877052307,-0.8207389116287231,-2.006802558898926,0.0021972411777824163
1790756547036935654,pose,0.10758350789546967,-0.8232166767120361,-2.003286838531494,0.002529349410906434
1790756547041668987,pose,0.1073259636759758,-0.8240705132484436,-2.002089023590088,0.002741600153967738
1790756547103339904,det,-0.07854096337435115,0.07230608432394232,1.8900324951298897,0
1790756547148980916,pose,0.10679922252893448,-0.825748860836029,-1.9997166395187378,0.003073121653869748
1790756547164797583,pose,0.1065300852060318,-0.8265736103057861,-1.9985411167144775,0.0032101860269904137
1790756547167947441,pose,0.1062571331858635,-0.8273890018463135,-1.997372031211853,0.0033318607602268457
1790756547183623739,pose,0.10598044842481613,-0.8281951546669006,-1.9962090253829956,0.003442118875682354
1790756547225762277,det,-0.07787901081936399,0.07141993141466614,1.889274200604702,0
1790756547277184084,pose,0.10570016503334045,-0.8289923667907715,-1.9950675964355469,0.003543961327522993
1790756547285139554,pose,0.10541637986898422,-0.8297806978225708,-1.993930697441101,0.0036383133847266436
1790756547293415436,pose,0.10512536764144897,-0.8305577039718628,-1.9927979707717896,0.0037258539814502
1790756547313277949,det,-0.07690966403176609,0.07064557008112678,1.8877836754247637,0
1790756547366799257,pose,0.10483092069625854,-0.8313263654708862,-1.9916690587997437,0.0038007525727152824
1790756547383041314,pose,0.10453306883573532,-0.8320866227149963,-1.9905436038970947,0.0038690476212650537
1790756547394275083,pose,0.10334422439336777,-0.8341525197029114,-1.987902045249939,0.004018048755824566
1790756547440112848,det,-0.07599375407647202,0.06975529410996315,1.8850819084498158,0
1790756547494850043,pose,0.10275249183177948,-0.835146427154541,-1.9866222143173218,0.0040980977937579155
1790756547504921583,pose,0.10216309130191803,-0.8361185193061829,-1.985357642173767,0.004188091028481722
1790756547517415016,pose,0.10157635807991028,-0.8370709419250488,-1.9841057062149048,0.004264592658728361
1790756547524785660,pose,0.10099223256111145,-0.8380057215690613,-1.982864260673523,0.004330972675234079
1790756547556043550,det,-0.07456733520907274,0.06911625553362807,1.879716706189564,0
1790756547617185799,pose,0.10041070729494095,-0.83892422914505,-1.9816317558288574,0.004389940295368433
1790756547625479594,pose,0.09913358837366104,-0.841263473033905,-1.978416919708252,0.004401371348649263
1790756547636802565,pose,0.09856797754764557,-0.8422396779060364,-1.9771003723144531,0.004410882014781237
1790756547694704091,pose,0.09799815714359283,-0.8431769609451294,-1.9758201837539673,0.004408907610923052
1790756547713946826,pose,0.09685371816158295,-0.8449602127075195,-1.973355770111084,0.0043845754116773605
1790756547728903401,pose,0.09628137201070786,-0.8458152413368225,-1.972159743309021,0.004362764302641153
1790756547756643353,det,-0.0734232973713662,0.06843760384979206,1.876297101665519,0
1790756547797726437,det,-0.0721513992568344,0.0677373427210907,1.8735443451339333,0
1790756547822005637,pose,0.09566998481750488,-0.8464227318763733,-1.9711333513259888,0.004335870500653982
1790756547830067504,pose,0.09506089985370636,-0.8470206260681152,-1.970111608505249,0.004314134828746319
1790756547841622993,pose,0.09384255856275558,-0.8481802344322205,-1.9680774211883545,0.004223968833684921
1790756547849379586,pose,0.09323754161596298,-0.8487485647201538,-1.9670789241790771,0.004158962517976761
1790756547919144379,pose,0.0926353931427002,-0.8493098616600037,-1.9660805463790894,0.004088921006768942
1790756547928015565,pose,0.09203606098890305,-0.8498645424842834,-1.965081810951233,0.004016828257590532
1790756547939875784,pose,0.09085921943187714,-0.8509968519210815,-1.9630190134048462,0.003859336720779538
1790756547997099833,pose,0.0902722030878067,-0.8515465259552002,-1.9619981050491333,0.0037750701885670424
1790756548020981365,pose,0.08967394381761551,-0.852090060710907,-1.960998773574829,0.003687105141580105
1790756548025844262,pose,0.08907793462276459,-0.8526251912117004,-1.9600017070770264,0.0035362117923796177
1790756548065688478,det,-0.07133115721653686,0.06668054280675108,1.8733830208546296,0
1790756548106289652,det,-0.07039372459450668,0.06519636760036641,1.8716046794081236,0
1790756548158404692,pose,0.08849171549081802,-0.8531761765480042,-1.9589722156524658,0.003383814124390483
1790756548161506655,pose,0.08790517598390579,-0.853714108467102,-1.9579521417617798,0.00321520515717566
1790756548172726147,det,-0.0691592853799607,0.06358806356564402,1.867951124219558,0
1790756548177551508,pose,0.0879616066813469,-0.8540363907814026,-1.9569867849349976,0.0030498169362545013
1790756548189822772,pose,0.08799359947443008,-0.8543587327003479,-1.9560247659683228,0.002831332618370652
1790756548219993102,det,-0.06799865588600898,0.06211060485881383,1.865775231554989,0
1790756548268132300,pose,0.08800484240055084,-0.8546810150146484,-1.9550808668136597,0.002612727927044034
1790756548277575743,pose,0.08799829334020615,-0.8550032377243042,-1.9541364908218384,0.00239399797283113
1790756548289289923,pose,0.08794104307889938,-0.8556361794471741,-1.952242374420166,0.001902212155982852
1790756548324975972,det,-0.0671439424751793,0.060423214876203384,1.861331527079334,0
1790756548381223561,pose,0.08789340406656265,-0.8559523820877075,-1.9512912034988403,0.0016591392923146486
1790756548388771607,pose,0.08783487975597382,-0.8562682867050171,-1.9503365755081177,0.0014203705359250307
1790756548397419701,pose,0.08776650577783585,-0.856583833694458,-1.9493945837020874,0.0011838390491902828
1790756548420949792,det,-0.06640272844624619,0.05883455037290877,1.8588452075317685,0
1790756548495814481,pose,0.08760286867618561,-0.8572137355804443,-1.9474977254867554,0.0007207476301118731
1790756548496881862,pose,0.08750879764556885,-0.8575279116630554,-1.9465428590774536,0.0004921642248518765
1790756548509371291,pose,0.08740739524364471,-0.8578415513038635,-1.9455835819244385,0.00026475085178390145
1790756548552651349,det,-0.06580320188776022,0.05734231176731847,1.857210266535411,0
1790756548603913007,pose,0.08729905635118484,-0.8581545352935791,-1.94461989402771,3.752137490664609e-05
1790756548618274873,pose,0.08718766272068024,-0.8584709763526917,-1.943668007850647,-0.00018683410598896444
1790756548629246568,pose,0.08706998080015182,-0.8587867021560669,-1.9427111148834229,-0.00028695276705548167
1790756548642146573,pose,0.08824275434017181,-0.8592169284820557,-1.9404423236846924,-0.0005646563949994743
1790756548669244461,det,-0.06514938309975958,0.05589324338382542,1.8539187425961214,0
1790756548709918017,pose,0.08882882446050644,-0.8594332337379456,-1.9392975568771362,-0.0007423273636959493
1790756548723071835,pose,0.08937414735555649,-0.859651505947113,-1.9381577968597412,-0.0009156063315458596
1790756548739702323,pose,0.0898842141032219,-0.8598715662956238,-1.9370379447937012,-0.0010868520475924015
1790756548772730450,det,-0.06465908426472732,0.05476366952778611,1.8498023108390058,0
1790756548819634120,pose,0.09036333113908768,-0.8600931763648987,-1.9359198808670044,-0.0012521023163571954
1790756548836928253,pose,0.09091843664646149,-0.860314130783081,-1.9347702264785767,-0.001411976758390665
1790756548840510779,pose,0.09141808748245239,-0.8612880110740662,-1.930864930152893,-0.0018489572685211897
1790756548863335006,det,-0.06395429904024881,0.054002618261851355,1.846783593970234,0
1790756548926494249,pose,0.0918438732624054,-0.8615093231201172,-1.9297268390655518,-0.0020692129619419575
1790756548936882541,pose,0.09260685741901398,-0.8619548678398132,-1.927492618560791,-0.0024302704259753227
1790756548949286866,pose,0.09295115619897842,-0.8621786236763,-1.9263767004013062,-0.0025842164177447557
1790756548987051074,det,-0.06337670678762651,0.0533393821610163,1.8429445219879346,0
1790756549034590229,pose,0.0932743176817894,-0.8624029159545898,-1.9252607822418213,-0.002727783052250743
1790756549042430918,pose,0.09357837587594986,-0.8626276850700378,-1.9241446256637573,-0.002860690699890256
1790756549061531027,pose,0.09370619803667068,-0.8628454208374023,-1.9227849245071411,-0.002986280480399728
1790756549063801909,pose,0.09383872896432877,-0.8630586862564087,-1.9214493036270142,-0.003114085178822279
1790756549103316355,det,-0.06301883652797646,0.05286214383530785,1.8402029880153943,0
1790756549150987118,pose,0.09407205134630203,-0.8634838461875916,-1.9187920093536377,-0.003159227082505822
1790756549163527658,pose,0.09417424350976944,-0.8636956214904785,-1.9174691438674927,-0.0031755068339407444
1790756549170471282,pose,0.09426748752593994,-0.8639068007469177,-1.916149616241455,-0.0031905255746096373
1790756549227813079,pose,0.09435199946165085,-0.864117443561554,-1.9148333072662354,-0.003200915874913335
1790756549242453208,pose,0.09449585527181625,-0.8645368218421936,-1.9122427701950073,-0.003208073554560542
1790756549250204685,pose,0.09455569088459015,-0.8647454977035522,-1.9109506607055664,-0.003205392509698868
1790756549336940626,det,-0.0627845383884444,0.05246000807314997,1.8374316051043682,0
1790756549364476839,pose,0.09460671246051788,-0.8649542331695557,-1.9096603393554688,-0.0031977901235222816
1790756549376856440,pose,0.09465018659830093,-0.865162193775177,-1.9083715677261353,-0.0031865688506513834
1790756549383288294,pose,0.09489559382200241,-0.865371823310852,-1.9069758653640747,-0.003168705152347684
1790756549393149020,pose,0.09507855772972107,-0.8655784726142883,-1.9056158065795898,-0.003140523564070463
1790756549404295030,det,-0.06247451846599147,0.05205243081431568,1.8346618232482614,0
1790756549479545227,det,-0.06225516891082186,0.05163545406783115,1.8318406299221832,0
1790756549525394027,pose,0.09324653446674347,-0.8666723370552063,-1.9021530151367188,-0.0030151300597935915
1790756549533540407,pose,0.09264787286520004,-0.8670338988304138,-1.9010069370269775,-0.002965126885101199
1790756549561179685,det,-0.06213229421622426,0.05128882138194769,1.8291683202483109,0
1790756549609029512,pose,0.09205733984708786,-0.8673872351646423,-1.8998794555664062,-0.0028750284109264612
1790756549627305395,pose,0.0914745181798935,-0.867733359336853,-1.89875066280365,-0.0027797133661806583
1790756549630369369,pose,0.09033088386058807,-0.8684067726135254,-1.8964859247207642,-0.002579732332378626
1790756549666223832,det,-0.06218525855703512,0.05087833398814992,1.8258282900248328,0
1790756549717279026,pose,0.08976926654577255,-0.8687349557876587,-1.8953485488891602,-0.0024775946512818336
1790756549720852024,pose,0.08921393007040024,-0.8690581321716309,-1.8942070007324219,-0.0023765882942825556
1790756549732646369,pose,0.0886647030711174,-0.8693766593933105,-1.8930784463882446,-0.002272507408633828
1790756549740359540,pose,0.08812129497528076,-0.8696906566619873,-1.8919448852539062,-0.0021689918357878923
1790756549805040399,det,-0.06226483249206591,0.05040686344705095,1.8238280574421335,0
1790756549841219007,pose,0.08705450594425201,-0.8702947497367859,-1.8896628618240356,-0.0019931886345148087
1790756549844862876,pose,0.08652911335229874,-0.8705912232398987,-1.8885141611099243,-0.0019203212577849627
1790756549858667487,pose,0.0858147144317627,-0.8708776235580444,-1.8871382474899292,-0.001848433050327003
1790756549879569550,det,-0.06233825850786002,0.049901761489842905,1.821112541192773,0
1790756549949162272,pose,0.08510883152484894,-0.8711587190628052,-1.885763168334961,-0.0017335276352241635
1790756549961230771,pose,0.08369771391153336,-0.8717232346534729,-1.8829872608184814,-0.0015000647399574518
1790756549969689585,pose,0.08300751447677612,-0.8719945549964905,-1.8816107511520386,-0.0013827371876686811
1790756549986233120,det,-0.0625289472904318,0.04919314607940063,1.8176367520271968,0
1790756550040765908,pose,0.0823264941573143,-0.8722596168518066,-1.8802392482757568,-0.0012658706400543451
1790756550048305600,pose,0.08165889978408813,-0.8725116848945618,-1.878871202468872,-0.0011518599931150675
1790756550060309078,pose,0.08034735918045044,-0.8730006814002991,-1.8761799335479736,-0.0009686689008958638
1790756550067696535,pose,0.07970258593559265,-0.8732380270957947,-1.8748358488082886,-0.0008801972726359963
1790756550133747788,pose,0.0790647566318512,-0.8734710812568665,-1.8734922409057617,-0.0007947566919028759
1790756550143418445,pose,0.07843351364135742,-0.8737000226974487,-1.8721486330032349,-0.000713414279744029
1790756550157863545,pose,0.07780864834785461,-0.8739249110221863,-1.870804786682129,-0.0006329884636215866
1790756550174120280,det,-0.06271738896666289,0.04822074454959249,1.814394807320373,0
1790756550241841482,det,-0.06288612624479287,0.04691669339204812,1.8108166609247431,0
1790756550273635420,pose,0.07719005644321442,-0.8741459846496582,-1.8694604635238647,-0.0005458135856315494
1790756550281891992,pose,0.0765775740146637,-0.8743633031845093,-1.8681343793869019,-0.00046584519441239536
1790756550289120490,pose,0.0762876346707344,-0.8744230270385742,-1.8668071031570435,-0.0003905543708242476
1790756550315035304,det,-0.06305814215609773,0.04535495446746108,1.805771045391227,0
1790756550380827173,pose,0.07599636167287827,-0.8744834661483765,-1.8654788732528687,-0.00036427611485123634
1790756550384443881,pose,0.07570379972457886,-0.874544620513916,-1.8641493320465088,-0.0003397010441403836
1790756550393069844,pose,0.07511553913354874,-0.874669075012207,-1.8614858388900757,-0.0003002238809131086
1790756550399231648,pose,0.07482016086578369,-0.8747324347496033,-1.860169768333435,-0.0002826365234795958
1790756550432078839,det,-0.0632369200608319,0.04356442990061445,1.8013797092465926,0
1790756550480301749,pose,0.0742274597287178,-0.8748616576194763,-1.8575310707092285,-0.0002574096724856645
1790756550489765311,pose,0.07350190728902817,-0.8752514719963074,-1.8542226552963257,-0.00023690580565016717
1790756550508805928,pose,0.07320345938205719,-0.8753160834312439,-1.852892279624939,-0.00023457389033865184
1790756550518341321,det,-0.06400913725654306,0.04161679592487943,1.8032721032284877,0
1790756550599033428,pose,0.07290475815534592,-0.8753818869590759,-1.8515598773956299,-0.0002386631240369752
1790756550604892325,pose,0.07246477901935577,-0.8755546808242798,-1.8495758771896362,-0.00023439552751369774
1790756550613129163,pose,0.07216644287109375,-0.8756226301193237,-1.8482563495635986,-0.00024634148576296866
1790756550637716720,det,-0.06510844224401037,0.040103053258562615,1.8011525253944747,0
1790756550696002646,pose,0.07186814397573471,-0.8756917119026184,-1.8469345569610596,-0.0002585932961665094
1790756550713300675,pose,0.07156992703676224,-0.8757619261741638,-1.845610499382019,-0.00027103954926133156
1790756550732576075,pose,0.0703669860959053,-0.876615583896637,-1.8422831296920776,-0.0002999147982336581
1790756550752601782,det,-0.0665280465068061,0.03876115569364106,1.796172488132453,0
1790756550808378088,pose,0.0694703757762909,-0.8773754239082336,-1.840337872505188,-0.0002489318430889398
1790756550825422659,pose,0.068593330681324,-0.8781129121780396,-1.8384194374084473,-0.0002368230780120939
1790756550829666237,pose,0.06689109653234482,-0.8795316219329834,-1.8346474170684814,-0.00021501939045265317
1790756550841370532,pose,0.06606301665306091,-0.8802172541618347,-1.8327882289886475,-0.00020702056644950062
1790756550858000771,det,-0.06755147241884207,0.03766205900624854,1.7918764730058487,0
1790756550929654645,pose,0.06524863094091415,-0.880889356136322,-1.8309438228607178,-0.00019913729920517653
1790756550937075479,pose,0.063657745718956,-0.8821980357170105,-1.827337384223938,-0.00018603324133437127
1790756550945735462,pose,0.06287996470928192,-0.882836639881134,-1.8255506753921509,-0.0001784652122296393
1790756550970678896,det,-0.06861344818722223,0.03684874761226969,1.78708169038859,0
1790756551030915711,pose,0.06211313232779503,-0.8834657669067383,-1.823773980140686,-0.00017201511946041137
1790756551041342099,pose,0.061279814690351486,-0.8842405080795288,-1.8218110799789429,-0.00016683565627317876
1790756551058530043,pose,0.059684645384550095,-0.8856590986251831,-1.8181061744689941,-0.00017935108917299658
1790756551083400725,det,-0.06952497223208753,0.03606013192083015,1.7814860862844777,0
1790756551147084348,pose,0.05860045179724693,-0.8867079615592957,-1.8165596723556519,-0.00018483078747522086
1790756551158251108,pose,0.05755629017949104,-0.8876979351043701,-1.815036654472351,-0.00012559237075038254
1790756551167634025,pose,0.05654613673686981,-0.8886404633522034,-1.8135310411453247,-6.7591478000395e-05
1790756551222490950,pose,0.05556512251496315,-0.8895444273948669,-1.8120384216308594,-9.727609722176567e-06
1790756551230514026,pose,0.05460358411073685,-0.8904257416725159,-1.8105779886245728,5.0294991524424404e-05
1790756551242595118,pose,0.05274445563554764,-0.8921117782592773,-1.8076746463775635,0.00019787995552178472
1790756551253801461,pose,0.05184238776564598,-0.8929237723350525,-1.806228756904602,0.0002701767079997808
1790756551311783652,pose,0.050956498831510544,-0.8937187790870667,-1.8047853708267212,0.0003407818730920553
1790756551320952744,pose,0.05008548125624657,-0.8944987654685974,-1.8033437728881836,0.0004117816861253232
1790756551332060354,pose,0.048383668065071106,-0.8960196375846863,-1.8005062341690063,0.0005506626330316067
1790756551400699319,det,-0.07024374444080021,0.03502981571358889,1.7752420299565066,0
1790756551449034997,det,-0.07012493076062759,0.034964664120580274,1.7635582157587049,0
1790756551457679949,pose,0.0475512258708477,-0.8967626094818115,-1.7990877628326416,0.0006227378034964204
1790756551469245007,pose,0.04673496261239052,-0.8974939584732056,-1.7976689338684082,0.0006936509162187576
1790756551478456503,pose,0.04592953249812126,-0.8982155919075012,-1.7962496280670166,0.0008102147257886827
1790756551500113401,det,-0.06989364726983865,0.034153243103105746,1.7552055127743806,0
1790756551576770023,det,-0.06956232859988007,0.032766145499407505,1.747981227979546,0
1790756551577024586,pose,0.04438311234116554,-0.8984872102737427,-1.7925536632537842,0.0010353575926274061
1790756551584826267,pose,0.0436239168047905,-0.8986294865608215,-1.7907313108444214,0.0011448597069829702
1790756551594205083,pose,0.042873602360486984,-0.8987757563591003,-1.7889175415039062,0.0012569776736199856
1790756551602198061,pose,0.04213196784257889,-0.8989258408546448,-1.7871116399765015,0.001367132761515677
1790756551621377965,det,-0.06934507904998671,0.03130813097590769,1.740195124464607,0
1790756551670678857,pose,0.04139893129467964,-0.8990793228149414,-1.7853138446807861,0.0014757816679775715
1790756551679077195,pose,0.03995887190103531,-0.8994025588035583,-1.7817668914794922,0.0016880942275747657
1790756551690690685,pose,0.03925136849284172,-0.8995716571807861,-1.7800172567367554,0.0018324797274544835
1790756551707080432,det,-0.06917779170088853,0.030100166769765672,1.7355544687890556,0
1790756551772566722,pose,0.038551829755306244,-0.8997431993484497,-1.7782765626907349,0.001975053222849965
1790756551783886571,pose,0.03717637434601784,-0.9000929594039917,-1.7748247385025024,0.0022478189785033464
1790756551791053472,pose,0.036500364542007446,-0.9002706408500671,-1.7731142044067383,0.002381223486736417
1790756551828760752,det,-0.06889944528542845,0.029068216460985088,1.7316096370387313,0
1790756551881877131,pose,0.03517145290970802,-0.9006310701370239,-1.7697476148605347,0.002635178156197071
1790756551891181299,pose,0.03461898863315582,-0.9007349610328674,-1.7680188417434692,0.0027578703593462706
1790756551901445705,pose,0.03407135605812073,-0.9008422493934631,-1.7663015127182007,0.0028783264569938183
1790756551909271382,pose,0.03352911397814751,-0.9009519219398499,-1.764595627784729,0.002994210459291935
1790756551981053824,pose,0.03299166262149811,-0.9010642766952515,-1.7629010677337646,0.0031070278491824865
1790756551985071979,pose,0.03245890140533447,-0.9011792540550232,-1.7612180709838867,0.003217020770534873
1790756551992215107,pose,0.03140755742788315,-0.9014165997505188,-1.7579307556152344,0.0034204660914838314
1790756552027567811,det,-0.06857720475070017,0.027964030139615507,1.7268345673928462,0
1790756552079790331,det,-0.06837578346190078,0.026707360610434668,1.7213567740990134,0
1790756552105523733,pose,0.030888915061950684,-0.9015387296676636,-1.7563025951385498,0.0035148116294294596
1790756552121364531,pose,0.030374884605407715,-0.901663064956665,-1.7546842098236084,0.0036059191916137934
1790756552144389454,pose,0.029865484684705734,-0.9017895460128784,-1.7530757188796997,0.003693078877404332
1790756552161056396,det,-0.06821643327877215,0.02545782316111062,1.7170718678989594,0
1790756552225381208,pose,0.029359202831983566,-0.9019165635108948,-1.7514766454696655,0.003773910691961646
1790756552241133323,pose,0.02885768748819828,-0.9020454287528992,-1.7499103546142578,0.0038275918923318386
1790756552253663856,pose,0.028360864147543907,-0.9021760821342468,-1.7483519315719604,0.0038770076353102922
1790756552254142475,pose,0.027868712320923805,-0.9023085832595825,-1.7468012571334839,0.003940196707844734
1790756552288215980,det,-0.06834610331305636,0.024305099506568235,1.7127219698759482,0
1790756552346864723,pose,0.02738114260137081,-0.9024428725242615,-1.7452579736709595,0.003988632466644049
1790756552355668194,pose,0.026898134499788284,-0.9025789499282837,-1.7437217235565186,0.004028181545436382
1790756552366358222,pose,0.026315001770853996,-0.9026285409927368,-1.7420321702957153,0.0040564145892858505
1790756552383337327,det,-0.0688179158801898,0.023268957856475137,1.7086264747082032,0
1790756552457604993,pose,0.025170888751745224,-0.9027366638183594,-1.7387340068817139,0.004088762681931257
1790756552466429762,pose,0.024615298956632614,-0.90279620885849,-1.7371008396148682,0.004095651675015688
1790756552474405404,pose,0.024066761136054993,-0.9028586745262146,-1.7354776859283447,0.004130668006837368
1790756552543159553,pose,0.023525191470980644,-0.9029238820075989,-1.733864188194275,0.00415954040363431
1790756552551599654,pose,0.02299041487276554,-0.9029918909072876,-1.7322598695755005,0.004182217177003622
1790756552562824960,pose,0.021940723061561584,-0.9031359553337097,-1.729102611541748,0.004215278197079897
1790756552580142821,pose,0.02142573706805706,-0.903211772441864,-1.7275481224060059,0.004224635660648346
1790756552602962475,det,-0.06964725444530953,0.02235314650361129,1.7031882541948695,0
1790756552640045133,det,-0.07040160503661141,0.02151434260444656,1.6991905895142492,0
1790756552696166478,pose,0.020917078480124474,-0.9032899737358093,-1.7260009050369263,0.00422906456515193
1790756552700956018,pose,0.02041463926434517,-0.9033704996109009,-1.7244607210159302,0.004230009391903877
1790756552713745192,pose,0.019411617890000343,-0.9035379886627197,-1.7214008569717407,0.004198270384222269
1790756552736102447,det,-0.07155572477504271,0.020728859211300913,1.693218186548225,0
1790756552791608481,pose,0.01891924999654293,-0.903624951839447,-1.7199050188064575,0.004167469218373299
1790756552804993375,pose,0.018176497891545296,-0.9031656384468079,-1.718588948249817,0.004131793975830078
1790756552812266739,pose,0.017459945753216743,-0.9027431607246399,-1.7172821760177612,0.004088192712515593
1790756552846475464,det,-0.07257433083897874,0.020054238767154103,1.686604295148704,0
1790756552911591375,pose,0.016092533245682716,-0.9019855260848999,-1.7146849632263184,0.003987255040556192
1790756552920099987,pose,0.01543650683015585,-0.9016417264938354,-1.7134156227111816,0.0039304629899561405
1790756552933310811,pose,0.014803312718868256,-0.9013226628303528,-1.7121468782424927,0.0038702210877090693
1790756552954791614,det,-0.07329261185161637,0.01947008152043888,1.68153194180579,0
1790756553007967365,pose,0.01418436411768198,-0.9010202288627625,-1.7108782529830933,0.0038832149002701044
1790756553019565088,pose,0.013578535988926888,-0.900732696056366,-1.7096091508865356,0.0038940194062888622
1790756553031122362,pose,0.012985101900994778,-0.9004583954811096,-1.7083392143249512,0.003903420874848962
1790756553043678260,pose,0.01183242816478014,-0.899945080280304,-1.7058175802230835,0.003907793667167425
1790756553067099662,det,-0.0739343897687855,0.018921971607348296,1.6780912319102703,0
1790756553125781773,pose,0.011271846480667591,-0.8997044563293457,-1.7045648097991943,0.003904573153704405
1790756553147032303,pose,0.010721093975007534,-0.8994733691215515,-1.703309416770935,0.0039004834834486246
1790756553147372044,pose,0.010179826989769936,-0.8992513418197632,-1.7020512819290161,0.0038934212643653154
1790756553197938026,det,-0.0745766118227129,0.018385764662742696,1.6743181909534273,0
1790756553241205964,pose,0.008706620894372463,-0.8988533616065979,-1.6997877359390259,0.003872753819450736
1790756553248719797,pose,0.007783668115735054,-0.8986771702766418,-1.6987746953964233,0.003896076697856188
1790756553268903274,pose,0.006878313142806292,-0.8985089063644409,-1.6977729797363281,0.003929534461349249
1790756553301519264,det,-0.07529352501259348,0.01749498511517003,1.6697476159235065,0
1790756553343124195,pose,0.005989979952573776,-0.8983482122421265,-1.6967612504959106,0.0039583477191627026
1790756553355426932,pose,0.005118092056363821,-0.8981948494911194,-1.695739984512329,0.003982262685894966
1790756553368764109,pose,0.004262203350663185,-0.8980486989021301,-1.694709300994873,0.004003612790256739
1790756553424153026,pose,0.0021151385735720396,-0.8980371356010437,-1.690599799156189,0.003927153535187244
1790756553445720491,pose,0.0004296849947422743,-0.8977921605110168,-1.688525676727295,0.003939575981348753
1790756553453343949,pose,-0.0003814744995906949,-0.897685170173645,-1.6874715089797974,0.003930223174393177
1790756553455676795,pose,-0.00117409392260015,-0.8975872993469238,-1.6864068508148193,0.003912577871233225
1790756553493477810,det,-0.07624117137870762,0.01679315470043576,1.665460474364929,0
1790756553532900630,det,-0.07738994391717499,0.016003357886525182,1.6615848687564165,0
1790756553569545364,pose,-0.0019496468594297767,-0.8974977731704712,-1.6853318214416504,0.0038898547645658255
1790756553579356692,pose,-0.0027094068937003613,-0.8974159955978394,-1.6842471361160278,0.0038622396532446146
1790756553589799690,pose,-0.003454308956861496,-0.8973414897918701,-1.683174729347229,0.003832499962300062
1790756553612952018,det,-0.0786693553772428,0.015156920742987221,1.658611070117925,0
1790756553670489934,pose,-0.004527648910880089,-0.8969531059265137,-1.6823824644088745,0.003799753962084651
1790756553683451639,pose,-0.0055792066268622875,-0.896580159664154,-1.6815739870071411,0.003785202745348215
1790756553692186791,pose,-0.006612162571400404,-0.8962194919586182,-1.680749773979187,0.0037667786236852407
1790756553732968955,det,-0.07982548053656298,0.014444678113270062,1.6540555341845873,0
1790756553787440798,pose,-0.008619539439678192,-0.8955397605895996,-1.6790554523468018,0.003708463627845049
1790756553795544668,pose,-0.009664587676525116,-0.8951707482337952,-1.6782413721084595,0.0036775292828679085
1790756553806938671,pose,-0.01067460048943758,-0.8948266506195068,-1.6774035692214966,0.00364485289901495
1790756553817320689,pose,-0.011654029600322247,-0.8945043087005615,-1.6765443086624146,0.0036082074511796236
1790756553840881283,det,-0.0811501853660565,0.012512913613724834,1.649648665029419,0
1790756553914151661,pose,-0.01353461854159832,-0.8939153552055359,-1.6747676134109497,0.0035307013895362616
1790756553916722515,pose,-0.014439522288739681,-0.8936474323272705,-1.673852801322937,0.003487192327156663
1790756553924760363,pose,-0.01550989132374525,-0.8932641744613647,-1.6730321645736694,0.0034787338227033615
1790756553951971724,det,-0.08221185733506362,0.011404462857390166,1.6457386524048043,0
1790756554010057497,pose,-0.01651565171778202,-0.8929266333580017,-1.6721745729446411,0.003465705318376422
1790756554025061612,pose,-0.017468515783548355,-0.8926264047622681,-1.6712849140167236,0.0034449691884219646
1790756554028106342,pose,-0.01837747171521187,-0.8920924663543701,-1.6694328784942627,0.0034198807552456856
1790756554104599436,det,-0.08311146861823497,0.010828522217954101,1.642487782982661,0
1790756554145767006,pose,-0.019249336794018745,-0.8915996551513672,-1.6676349639892578,0.0033825684804469347
1790756554157118655,pose,-0.02008962258696556,-0.8911418914794922,-1.6658581495285034,0.00334385153837502
1790756554166262717,pose,-0.021700358018279076,-0.8903077840805054,-1.6623529195785522,0.0032558715902268887
1790756554174113347,pose,-0.022476863116025925,-0.8899246454238892,-1.6606191396713257,0.00317438249476254
1790756554232946238,det,-0.08430076747882477,0.01011609946258309,1.6393400498730872,0
1790756554289103462,pose,-0.02323419600725174,-0.8895621299743652,-1.6588951349258423,0.003092107828706503
1790756554289605157,pose,-0.02397397719323635,-0.8892183303833008,-1.6571794748306274,0.003008231520652771
1790756554301081630,pose,-0.024697579443454742,-0.8888916969299316,-1.6554951667785645,0.002923768013715744
1790756554319433030,det,-0.08530363535370553,0.009628661814414585,1.6366160595465709,0
1790756554384923810,pose,-0.025406191125512123,-0.8885807991027832,-1.6538159847259521,0.002836963627487421
1790756554405653312,pose,-0.02678181789815426,-0.8880022168159485,-1.6504698991775513,0.0026625357568264008
1790756554406504632,pose,-0.027450060471892357,-0.887732982635498,-1.648801565170288,0.0025727117899805307
1790756554435242700,det,-0.08594410343455211,0.009185871679163926,1.633984961422887,0
1790756554499875143,pose,-0.028109753504395485,-0.8874742388725281,-1.647135615348816,0.002482557902112603
1790756554502033483,pose,-0.028757572174072266,-0.8872275948524475,-1.6454964876174927,0.0023797175381332636
1790756554514035699,pose,-0.02873932383954525,-0.8865493535995483,-1.6441326141357422,0.002276491839438677
1790756554522677740,pose,-0.028734542429447174,-0.885926365852356,-1.6427644491195679,0.002138437470421195
1790756554585248578,pose,-0.02875516563653946,-0.8848118185997009,-1.6400115489959717,0.001855781301856041
1790756554605007589,pose,-0.028776705265045166,-0.8843074440956116,-1.6386492252349854,0.0017137688118964434
1790756554605351842,pose,-0.028805837035179138,-0.8838388919830322,-1.6372796297073364,0.0015689767897129059
1790756554633890746,det,-0.08662667112959459,0.008613863879964523,1.631517790974713,0
1790756554672169686,det,-0.08758997453931487,0.00827857845089417,1.6300631747835679,0
1790756554703598273,pose,-0.028839560225605965,-0.883395791053772,-1.6359028816223145,0.0014203418977558613
1790756554728814975,pose,-0.028917858377099037,-0.8825759291648865,-1.63312828540802,0.001123071531765163
1790756554729187585,pose,-0.028961222618818283,-0.8821950554847717,-1.6317307949066162,0.0009743801783770323
1790756554752068510,det,-0.08809918862248153,0.007946029322705729,1.627501041897295,0
1790756554807496217,pose,-0.029006769880652428,-0.8818315863609314,-1.6303483247756958,0.0008257462759502232
1790756554817059447,pose,-0.02905416674911976,-0.8814843893051147,-1.6289581060409546,0.0006779286777600646
1790756554827775262,pose,-0.02915351837873459,-0.8808349967002869,-1.6261539459228516,0.00038532534381374717
1790756554835927545,pose,-0.029196470975875854,-0.8805227875709534,-1.6247398853302002,0.00024068308994174004
1790756554867681772,det,-0.08856074074471279,0.007714947508492111,1.6244621702072966,0
1790756554942024694,pose,-0.029322540387511253,-0.88005131483078,-1.6229684352874756,0.0001408091193297878
1790756554951295566,pose,-0.029573960229754448,-0.8791560530662537,-1.6194559335708618,-2.125987521139905e-06
1790756554967007280,pose,-0.029699232429265976,-0.8787310123443604,-1.6177136898040771,-6.908833893248811e-05
1790756555005090294,det,-0.08917658290075464,0.007670586081512623,1.6208977985830615,0
1790756555038399833,pose,-0.02982400916516781,-0.8783203959465027,-1.6159721612930298,-0.00013658231182489544
1790756555049524702,pose,-0.029948242008686066,-0.8779237270355225,-1.6142314672470093,-0.00020113869686610997
1790756555057407577,pose,-0.030072150751948357,-0.8775407075881958,-1.612491250038147,-0.00026095614884980023
1790756555124959922,pose,-0.03030521608889103,-0.8768100142478943,-1.6090346574783325,-0.00035463704261928797
1790756555137074207,pose,-0.030421454459428787,-0.8764638304710388,-1.607317328453064,-0.0003892673703376204
1790756555142773357,pose,-0.030709438025951385,-0.8763015866279602,-1.6039977073669434,-0.0004763256583828479
1790756555170349533,det,-0.09022320720914721,0.007882136796762362,1.6162159413812607,0
1790756555227432748,det,-0.09139692066860526,0.008039342365706172,1.611368313959439,0
1790756555261411727,pose,-0.03082333318889141,-0.8759812712669373,-1.6022734642028809,-0.0004938180791214108
1790756555274539028,pose,-0.031050171703100204,-0.8753759860992432,-1.5988218784332275,-0.0005296203889884055
1790756555280692075,pose,-0.031163044273853302,-0.8750905394554138,-1.5971194505691528,-0.0005466556758619845
1790756555295248474,pose,-0.03127558156847954,-0.8748161196708679,-1.5954158306121826,-0.0005608639330603182
1790756555311345082,det,-0.09239253120942321,0.00831667764061919,1.605451127351662,0
1790756555366807158,pose,-0.03102869726717472,-0.874661386013031,-1.593379020690918,-0.000572774326428771
1790756555378972958,pose,-0.030541829764842987,-0.8743647336959839,-1.5893263816833496,-0.000578731473069638
1790756555389358752,pose,-0.030310099944472313,-0.8742267489433289,-1.5873100757598877,-0.0005741022760048509
1790756555447746967,pose,-0.030085818842053413,-0.874095618724823,-1.5853255987167358,-0.0005673473933711648
1790756555468869863,pose,-0.029868800193071365,-0.873971164226532,-1.583346962928772,-0.000559943204279989
1790756555474813901,pose,-0.029455434530973434,-0.873741865158081,-1.5794079303741455,-0.00053999392548576
1790756555512343697,det,-0.09337830681739691,0.008409951561618402,1.5984314602056295,0
1790756555567371860,det,-0.09440211244526787,0.008416642254897019,1.592738517187436,0
1790756555608701411,pose,-0.029258625581860542,-0.8736370205879211,-1.5774474143981934,-0.0005277206655591726
1790756555624588557,pose,-0.029068103060126305,-0.873538613319397,-1.5754927396774292,-0.000513908569701016
1790756555629194599,pose,-0.02887936495244503,-0.873445987701416,-1.573543906211853,-0.0005012218607589602
1790756555668898475,det,-0.09522826221436421,0.00845820182489166,1.5867387367597552,0
1790756555720762863,pose,-0.02851930260658264,-0.873279869556427,-1.5697137117385864,-0.0005040729301981628
1790756555727812169,pose,-0.028282474726438522,-0.8731345534324646,-1.5677247047424316,-0.0005030253669247031
1790756555740477388,pose,-0.02806718274950981,-0.873012900352478,-1.5657618045806885,-0.0005016369395889342
1790756555748180547,pose,-0.02774106338620186,-0.8725218176841736,-1.5636717081069946,-0.0005009506130591035
1790756555804290942,pose,-0.02714519202709198,-0.871640145778656,-1.5596212148666382,-0.0005108981858938932
1790756555812164413,pose,-0.0268721804022789,-0.8712373375892639,-1.557623267173767,-0.0005155883263796568
1790756555824260574,pose,-0.026611316949129105,-0.8708574175834656,-1.5556405782699585,-0.0004912560107186437
1790756555877210471,det,-0.09600324327583203,0.00844226429132587,1.58194402390112,0
1790756555910215199,det,-0.09701418823114329,0.008534082223352533,1.577458545995854,0
1790756555939552675,pose,-0.026361195370554924,-0.8704979419708252,-1.5536712408065796,-0.0004659134428948164
1790756555953281626,pose,-0.025888457894325256,-0.8698323965072632,-1.5497946739196777,-0.000414349720813334
1790756555961014767,pose,-0.025664202868938446,-0.8695234060287476,-1.547884464263916,-0.00039140431908890605
1790756555982241873,det,-0.09785588265709151,0.008655580405293944,1.572344801743598,0
1790756556038511052,pose,-0.025447174906730652,-0.8692286610603333,-1.5459825992584229,-0.00036790213198401034
1790756556046478037,pose,-0.025236858054995537,-0.8689473271369934,-1.5440884828567505,-0.0003446702321525663
1790756556061580045,pose,-0.024834582582116127,-0.8684220910072327,-1.5403220653533936,-0.00029765526414848864
1790756556066371092,pose,-0.024646878242492676,-0.8681761622428894,-1.538475751876831,-0.0002768189588095993
1790756556086677872,det,-0.09848330931438581,0.008778295004991925,1.5677111641845345,0
1790756556156843087,pose,-0.02446456253528595,-0.8679414391517639,-1.5366350412368774,-0.00026816155877895653
1790756556160848273,pose,-0.024839039891958237,-0.867520272731781,-1.534643292427063,-0.0002614461991470307
1790756556169792239,pose,-0.025565363466739655,-0.8667237758636475,-1.5306891202926636,-0.00019429459644015878
1790756556201953462,det,-0.0990901532099903,0.009077092398861753,1.5632013003284049,0
1790756556247992983,pose,-0.025917865335941315,-0.8663474917411804,-1.5287262201309204,-0.00015965216152835637
1790756556260826290,pose,-0.026263698935508728,-0.8659854531288147,-1.5267728567123413,-0.0001245466701220721
1790756556276799516,pose,-0.02660316228866577,-0.8656373023986816,-1.5248560905456543,-9.184889495372772e-05
1790756556326472444,det,-0.09966869367262295,0.009193625386073,1.5587914366794524,0
1790756556352382955,pose,-0.02723812125623226,-0.8649508357048035,-1.5210472345352173,7.110882052074885e-06
1790756556366827401,pose,-0.02754708006978035,-0.8646273016929626,-1.5191549062728882,7.372565596597269e-05
1790756556381232570,pose,-0.027850676327943802,-0.8643166422843933,-1.5172702074050903,0.00013928517000749707
1790756556387422925,pose,-0.028149258345365524,-0.8640186190605164,-1.5153931379318237,0.00020596786634996533
1790756556402368477,det,-0.10028928501188965,0.009394929463197232,1.554268030562502,0
1790756556460548662,pose,-0.028732240200042725,-0.8634592294692993,-1.511715054512024,0.00033361269743181765
1790756556468370705,pose,-0.029017092660069466,-0.8631973266601562,-1.509885549545288,0.0003969618119299412
1790756556479165426,pose,-0.02929755486547947,-0.8629471063613892,-1.5080621242523193,0.0004571660829242319
1790756556511240928,det,-0.10068002581481897,0.009783778703456498,1.5494398109889047,0
1790756556575036559,pose,-0.02956625446677208,-0.8627156019210815,-1.5062445402145386,0.0005170869408175349
1790756556590522180,pose,-0.02969951368868351,-0.8624508380889893,-1.5035974979400635,0.0006873685051687062
1790756556601283805,pose,-0.029766758903861046,-0.8623322248458862,-1.5022765398025513,0.0007622222183272243
1790756556626341329,det,-0.10126755234625821,0.010018978347298464,1.5438116445812995,0
1790756556676043617,pose,-0.029834367334842682,-0.86222243309021,-1.5009492635726929,0.0008370847790502012
1790756556685529835,pose,-0.02990235947072506,-0.8621214032173157,-1.4996156692504883,0.0009113107225857675
1790756556696925346,pose,-0.029970722272992134,-0.8620290160179138,-1.498275876045227,0.0009839353151619434
1790756556704957539,pose,-0.03010864183306694,-0.861869752407074,-1.4956016540527344,0.0011242643231526017
1790756556728646174,det,-0.10181229013447551,0.010292845909238804,1.5385179944754552,0
1790756556798232481,pose,-0.03017519973218441,-0.8618011474609375,-1.494266390800476,0.0011929866159334779
1790756556806085174,pose,-0.030242035165429115,-0.8617405295372009,-1.4929245710372925,0.0012834547087550163
1790756556821362005,pose,-0.03037700243294239,-0.8616430163383484,-1.4902212619781494,0.0014629813376814127
1790756556855017458,det,-0.10237879491767361,0.010607814918516121,1.5327861261750235,0
1790756556910325520,pose,-0.03044496849179268,-0.8616060018539429,-1.4888596534729004,0.001550394226796925
1790756556919759681,pose,-0.030513091012835503,-0.8615766167640686,-1.487491488456726,0.0016322938026860356
1790756556933467363,pose,-0.030581355094909668,-0.8615545630455017,-1.4861416816711426,0.0017117452807724476
1790756556968366530,det,-0.10303036135655701,0.010805026888279534,1.527157460707651,0
1790756557013941496,pose,-0.031153259798884392,-0.8612449169158936,-1.4843521118164062,0.0017912386683747172
1790756557017835745,pose,-0.03171484172344208,-0.860947847366333,-1.482566237449646,0.00191514752805233
1790756557029013836,pose,-0.032266270369291306,-0.8606631755828857,-1.4807838201522827,0.0020354902371764183
1790756557038252789,pose,-0.03281257674098015,-0.8603969216346741,-1.4790047407150269,0.002153668086975813
1790756557081403599,det,-0.10349470812476402,0.010873006629761046,1.5219702644110733,0
1790756557139645339,pose,-0.03387680649757385,-0.8598994612693787,-1.4754830598831177,0.0022851598914712667
1790756557149380556,pose,-0.03439546003937721,-0.8596677780151367,-1.4737393856048584,0.0023446637205779552
1790756557167129576,pose,-0.034905582666397095,-0.8594469428062439,-1.4719979763031006,0.0024014010559767485
1790756557201867276,det,-0.10387487005152639,0.010362313839160081,1.5196546543784826,0
1790756557255312603,pose,-0.03540738672018051,-0.8592369556427002,-1.4702588319778442,0.002455582609400153
1790756557267637887,pose,-0.03638680651783943,-0.8588486909866333,-1.4667870998382568,0.002554298145696521
1790756557276103180,pose,-0.03686503693461418,-0.8586701154708862,-1.4650813341140747,0.0025997364427894354
1790756557316896804,det,-0.10438243568975195,0.01177522385948775,1.5130318601312218,0
1790756557371568052,pose,-0.037335895001888275,-0.8585015535354614,-1.4633769989013672,0.002641791244968772
1790756557379318945,pose,-0.037800420075654984,-0.8583388924598694,-1.461673617362976,0.0026790215633809566
1790756557391326409,pose,-0.038257915526628494,-0.858185887336731,-1.459971308708191,0.002702212193980813
1790756557415716360,det,-0.10476505227691742,0.012574358470746127,1.50762028788215,0
1790756557469965897,pose,-0.03870858624577522,-0.8580423593521118,-1.4582699537277222,0.0027216405142098665
1790756557481374909,pose,-0.039127711206674576,-0.8575958013534546,-1.454559564590454,0.0027478362899273634
1790756557489258999,pose,-0.03933786600828171,-0.8573888540267944,-1.452724814414978,0.0027549334336072206
1790756557501669751,pose,-0.039548344910144806,-0.8571924567222595,-1.4508941173553467,0.0027581523172557354
1790756557553193170,pose,-0.039758991450071335,-0.8570065498352051,-1.449067234992981,0.0027584622148424387
1790756557565977174,pose,-0.040185172110795975,-0.856660008430481,-1.4454244375228882,0.002739693969488144
1790756557575324583,pose,-0.04039810970425606,-0.8565018177032471,-1.443608283996582,0.0027196204755455256
1790756557635729998,pose,-0.04061086103320122,-0.8563535213470459,-1.4418230056762695,0.002696455456316471
1790756557644043124,pose,-0.04103541001677513,-0.8560857176780701,-1.4382598400115967,0.002641830127686262
1790756557662580841,pose,-0.04124714806675911,-0.8559659123420715,-1.4364814758300781,0.0026096580550074577
1790756557709204483,det,-0.10517741244613263,0.01289039740780043,1.5019916823056008,0
1790756557752247370,det,-0.10547039287956415,0.012998993048993423,1.4968224638814946,0
1790756557796705186,pose,-0.041458506137132645,-0.8558555245399475,-1.434705138206482,0.0025733322836458683
1790756557803804869,pose,-0.04166937619447708,-0.8557542562484741,-1.432930827140808,0.0025342493318021297
1790756557814084292,pose,-0.04187595471739769,-0.8556585311889648,-1.4311867952346802,0.0024960313457995653
1790756557823254563,det,-0.10583058535452282,0.012961593446814093,1.4904764233407093,0
1790756557885361868,pose,-0.04208209365606308,-0.8555716872215271,-1.4294441938400269,0.00245719775557518
1790756557896881852,pose,-0.04277763515710831,-0.8558259606361389,-1.4233229160308838,0.002311418065801263
1790756557905191222,pose,-0.04302898049354553,-0.8557990193367004,-1.4215354919433594,0.0022814711555838585
1790756557913073348,pose,-0.043278537690639496,-0.8557788729667664,-1.4197498559951782,0.0022479193285107613
1790756557958227335,det,-0.10611113842813488,0.012914616686900261,1.4850949817868078,0
1790756557996835028,det,-0.10627044093582572,0.01268230161364294,1.4798002292863333,0
1790756558029196929,pose,-0.04377231001853943,-0.8557588458061218,-1.4162392616271973,0.002170502208173275
1790756558038022235,pose,-0.04401647672057152,-0.8557587265968323,-1.4144856929779053,0.0021272196900099516
1790756558049293212,pose,-0.04426438361406326,-0.8557716012001038,-1.4127331972122192,0.002081475919112563
1790756558076887584,det,-0.10610905132225865,0.012415837821866331,1.4739002604828575,0
1790756558131028574,pose,-0.04451046511530876,-0.8557907938957214,-1.41098153591156,0.0020284613128751516
1790756558147922497,pose,-0.044996991753578186,-0.8558477163314819,-1.4075089693069458,0.001922275056131184
1790756558151904763,pose,-0.04523760825395584,-0.85588538646698,-1.4057873487472534,0.0018676804611459374
1790756558212740031,pose,-0.0454765185713768,-0.8559290170669556,-1.4040662050247192,0.0018134594429284334
1790756558225081624,pose,-0.04571359232068062,-0.8559785485267639,-1.4023456573486328,0.0017584080342203379
1790756558232497433,pose,-0.045738764107227325,-0.8554342985153198,-1.3993158340454102,0.0016487743705511093
1790756558250452899,pose,-0.04553750529885292,-0.854854166507721,-1.397996187210083,0.001601541182026267
1790756558269083533,det,-0.10609181371329805,0.012296328874392951,1.4678214761738502,0
1790756558314751082,det,-0.10590389914237501,0.012223104443675699,1.4620344123441376,0
1790756558361069956,pose,-0.045344654470682144,-0.8542929887771606,-1.3966927528381348,0.0015553348930552602
1790756558369338936,pose,-0.04515994340181351,-0.8537503480911255,-1.3953802585601807,0.0015109367668628693
1790756558380866087,pose,-0.04472899064421654,-0.8524243831634521,-1.3928000926971436,0.0014169918140396476
1790756558397548649,det,-0.10548481302073354,0.012167380401523783,1.4560171789046628,0
1790756558447688386,pose,-0.044504087418317795,-0.8517148494720459,-1.3915469646453857,0.0013719991547986865
1790756558464852235,pose,-0.044302940368652344,-0.8510787487030029,-1.3902698755264282,0.0013269360642880201
1790756558468705071,pose,-0.04413756728172302,-0.8505056500434875,-1.388972282409668,0.0012813471257686615
1790756558493989392,det,-0.10518026683286417,0.012248592308566486,1.450333265438407,0
1790756558555543575,pose,-0.04385209083557129,-0.8494979739189148,-1.3863252401351929,0.0010980828665196896
1790756558565668010,pose,-0.04372751712799072,-0.8490490913391113,-1.3849800825119019,0.0010060062631964684
1790756558575205137,pose,-0.043612878769636154,-0.8486298322677612,-1.3836227655410767,0.0009136743610724807
1790756558584740257,pose,-0.04350750893354416,-0.8475348353385925,-1.3816890716552734,0.0007318825810216367
1790756558622265480,det,-0.10493137508572425,0.012427102156417878,1.4442781125363935,0
1790756558680934272,pose,-0.043511390686035156,-0.8468664288520813,-1.3810603618621826,0.0006260199588723481
1790756558685116672,pose,-0.043518271297216415,-0.8462285399436951,-1.380399227142334,0.0005212468095123768
1790756558696032289,pose,-0.04352400079369545,-0.8456236124038696,-1.379707932472229,0.000417212926549837
1790756558723223014,det,-0.10475130746651307,0.012542924743248179,1.4392537532390632,0
1790756558768251818,pose,-0.043532248586416245,-0.8450445532798767,-1.37898850440979,0.00027803354896605015
1790756558781486520,pose,-0.043555594980716705,-0.8439583778381348,-1.377514123916626,5.2388945732673164e-06
1790756558791253563,pose,-0.04357057064771652,-0.8434487581253052,-1.3767396211624146,-0.00013175819185562432
1790756558827014511,det,-0.1046279895141249,0.012808874380882223,1.434675888328042,0
1790756558882667073,pose,-0.04358756169676781,-0.8429604768753052,-1.3759417533874512,-0.0002685679355636239
1790756558889908238,pose,-0.04362719506025314,-0.8420450687408447,-1.3742790222167969,-0.0005385755212046206
1790756558902223277,pose,-0.04364970326423645,-0.8416165113449097,-1.3734369277954102,-0.0006713239708915353
1790756558909611580,pose,-0.04367072135210037,-0.8412173390388489,-1.3725736141204834,-0.0008030848694033921
1790756558974049233,det,-0.1044909756455548,0.013154438146278966,1.4287523397122903,0
1790756559009540339,pose,-0.043693188577890396,-0.8408364057540894,-1.371689796447754,-0.0008990558562800288
1790756559021849700,pose,-0.043742381036281586,-0.84012770652771,-1.3698619604110718,-0.0010844952194020152
1790756559030595311,pose,-0.04350528120994568,-0.8393664360046387,-1.3692495822906494,-0.001174282282590866
1790756559051819272,det,-0.10437222392043485,0.01354040833966967,1.4226780547477187,0
1790756559100970269,pose,-0.04327639192342758,-0.8386312127113342,-1.3686290979385376,-0.001251070760190487
1790756559126519820,pose,-0.04305533319711685,-0.8379212617874146,-1.3679815530776978,-0.0013255395460873842
1790756559127225948,pose,-0.042841944843530655,-0.8372361660003662,-1.367307424545288,-0.0013977513881400228
1790756559165142443,det,-0.10421395120622436,0.01397232297297895,1.416874853045951,0
1790756559210111336,pose,-0.04243732988834381,-0.8359376788139343,-1.3658814430236816,-0.0015344452112913132
1790756559212845294,pose,-0.04224560409784317,-0.8353229761123657,-1.3651306629180908,-0.0015994550194591284
1790756559225454736,pose,-0.04206068813800812,-0.8347395062446594,-1.3643555641174316,-0.001660794485360384
1790756559232254272,pose,-0.041882436722517014,-0.8341779112815857,-1.3635759353637695,-0.0017708820523694158
1790756559241394368,det,-0.1039371534574215,0.014343470307709053,1.4109792888996218,0
1790756559312854230,pose,-0.04154541715979576,-0.8331177830696106,-1.361945629119873,-0.001979503547772765
1790756559319254527,pose,-0.04138633608818054,-0.832617998123169,-1.3610957860946655,-0.002078128047287464
1790756559333234204,pose,-0.04123329743742943,-0.8321377635002136,-1.360223412513733,-0.002175119472667575
1790756559362752761,det,-0.10339883519129574,0.014690459325052255,1.4057620880049564,0
1790756559421661425,pose,-0.04108614847064018,-0.8316768407821655,-1.3593288660049438,-0.002268019365146756
1790756559435106352,pose,-0.04094478115439415,-0.8312346935272217,-1.3584321737289429,-0.002354744356125593
1790756559452822747,pose,-0.040992654860019684,-0.8300353288650513,-1.356870412826538,-0.0025183388497680426
1790756559470995946,det,-0.1027934926544021,0.015040525187134128,1.400283470072603,0
1790756559526329930,pose,-0.04116899520158768,-0.8292816281318665,-1.3561995029449463,-0.0025872718542814255
1790756559534254078,pose,-0.041344545781612396,-0.8285529017448425,-1.3555021286010742,-0.0026264938060194254
1790756559545239152,pose,-0.041519295424222946,-0.8278486728668213,-1.3547788858413696,-0.002665027277544141
1790756559569891525,det,-0.10211769666258233,0.015489842412780242,1.3938885954692413,0
1790756559616832753,pose,-0.041693344712257385,-0.8271682858467102,-1.3540481328964233,-0.0027009216137230396
1790756559633023867,pose,-0.042039547115564346,-0.8258771896362305,-1.3525115251541138,-0.0027614859864115715
1790756559646672922,pose,-0.04221198707818985,-0.8252653479576111,-1.351706862449646,-0.0027873993385583162
1790756559652651628,pose,-0.04238394275307655,-0.8246753215789795,-1.3508788347244263,-0.002809411147609353
1790756559707896383,pose,-0.042555417865514755,-0.8241063952445984,-1.3500280380249023,-0.0028289223555475473
1790756559719887497,pose,-0.042929138988256454,-0.8230045437812805,-1.3482952117919922,-0.0028975065797567368
1790756559727557751,pose,-0.04311564192175865,-0.8224835395812988,-1.3473960161209106,-0.00294327805750072
1790756559791489210,pose,-0.043301958590745926,-0.8219819664955139,-1.3464754819869995,-0.0029843810480087996
1790756559797319787,pose,-0.04348806291818619,-0.8214994668960571,-1.3455342054367065,-0.003022232325747609
1790756559810649888,pose,-0.042645521461963654,-0.8209073543548584,-1.3443913459777832,-0.0030963323079049587
1790756559842301305,det,-0.10141451023398919,0.015910552503108077,1.3881491341175647,0
1790756559883870001,det,-0.10073909443253223,0.016212808836695524,1.3821120497325992,0
1790756559922489449,det,-0.10020226168974651,0.016420888582051832,1.376755674020865,0
1790756559932366925,pose,-0.04224273934960365,-0.8206338882446289,-1.3437918424606323,-0.0031317437533289194
1790756559948004006,pose,-0.041851744055747986,-0.8203752636909485,-1.3431639671325684,-0.00316343130543828
1790756559956133020,pose,-0.04146426171064377,-0.8201357126235962,-1.342508316040039,-0.0031924417708069086
1790756559980075686,det,-0.09954678640747587,0.016628164419399634,1.3719234004461256,0
1790756560025323656,pose,-0.04072215035557747,-0.8196989297866821,-1.3411158323287964,-0.003204291220754385
1790756560032952906,pose,-0.040366802364587784,-0.8195010423660278,-1.3403798341751099,-0.0032080882228910923
1790756560045037444,pose,-0.040021609514951706,-0.8193163871765137,-1.339632511138916,-0.003206980414688587
1790756560054877018,pose,-0.03968627005815506,-0.8191447257995605,-1.3388588428497314,-0.003205706598237157
1790756560107498366,pose,-0.03904387727379799,-0.8188396692276001,-1.3372342586517334,-0.003195961471647024
1790756560115271306,pose,-0.0387362465262413,-0.8187059760093689,-1.3363842964172363,-0.003189089009538293
1790756560128056736,pose,-0.03843725845217705,-0.8185844421386719,-1.3355098962783813,-0.0031800372526049614
1790756560183278165,pose,-0.03815460205078125,-0.8184988498687744,-1.3346269130706787,-0.003167743794620037
1790756560195879991,pose,-0.03805446997284889,-0.8188248872756958,-1.3332264423370361,-0.003204786218702793
1790756560202040350,pose,-0.03822708874940872,-0.8192259073257446,-1.3326985836029053,-0.0032433965243399143
1790756560263388159,pose,-0.03839806839823723,-0.8196281790733337,-1.3321374654769897,-0.0032786650117486715
1790756560270848356,pose,-0.038567494601011276,-0.8200318813323975,-1.3315439224243164,-0.003310432890430093
1790756560283912762,pose,-0.038902297616004944,-0.8208436369895935,-1.3302862644195557,-0.0033699795603752136
1790756560292015786,pose,-0.03906787931919098,-0.8212516903877258,-1.3296113014221191,-0.003395607229322195
1790756560352335882,pose,-0.03923719376325607,-0.8216626048088074,-1.328906536102295,-0.003415136830881238
1790756560356349038,pose,-0.03940538316965103,-0.8220750689506531,-1.3281726837158203,-0.0034435235429555178
1790756562746013395,pose,-0.03973910212516785,-0.8229051232337952,-1.3266209363937378,-0.003493352560326457
1790756562798518178,pose,-0.03990485891699791,-0.8233225345611572,-1.3258168697357178,-0.0035168356262147427
1790756562810159569,pose,-0.04006999731063843,-0.8237413167953491,-1.3249861001968384,-0.0035412379074841738
1790756562818364259,pose,-0.04023456946015358,-0.8241616487503052,-1.3241384029388428,-0.003562918631359935
1790756562880246691,pose,-0.040561970323324203,-0.8250070810317993,-1.3225138187408447,-0.0036025014705955982
1790756562888212874,pose,-0.040354032069444656,-0.8251445293426514,-1.3219244480133057,-0.0036190119571983814
1790756562899890800,pose,-0.040166180580854416,-0.8253003358840942,-1.3214044570922852,-0.003637660527601838
1790756562908404929,pose,-0.03998611494898796,-0.8254645466804504,-1.3209450244903564,-0.0037447528447955847
1790756563034576872,pose,-0.03964780271053314,-0.8258165121078491,-1.3202085494995117,-0.003950722981244326
1790756563037838524,pose,-0.03948896750807762,-0.8260032534599304,-1.3199293613433838,-0.004049100447446108
1790756563042183478,det,-0.09902093172894681,0.01679457100506223,1.3674828578244485,0
1790756563051467708,pose,-0.03933655470609665,-0.8261963725090027,-1.319706916809082,-0.004147201310843229
1790756563106424145,det,-0.09850529027548333,0.01694966793078737,1.3636032620404481,0
1790756563196997146,pose,-0.039190273731946945,-0.8263954520225525,-1.3195515871047974,-0.004241764545440674
1790756563212823058,pose,-0.03891538456082344,-0.8268086910247803,-1.319392442703247,-0.004422375001013279
1790756563219970970,pose,-0.038786325603723526,-0.8270269632339478,-1.3193814754486084,-0.004508926998823881
1790756563251475962,det,-0.09813199102406849,0.017121732698653677,1.3597672558039833,0
1790756563354027665,det,-0.09744838179551812,0.017281829842157207,1.3550985735423526,0
1790756563414072139,pose,-0.03866264969110489,-0.8272489309310913,-1.319406270980835,-0.004594130907207727
1790756563415757888,pose,-0.038430895656347275,-0.8277022242546082,-1.3194807767868042,-0.004756616428494453
1790756563420514770,pose,-0.03832252696156502,-0.8279326558113098,-1.3194900751113892,-0.004832910373806953
1790756563430124537,pose,-0.03805484250187874,-0.8282278776168823,-1.3192965984344482,-0.004905945621430874
1790756563460227337,det,-0.09718335864757777,0.017411570924265242,1.350308802265923,0
1790756563565351417,det,-0.09666492057057564,0.017636722782961918,1.3457013831086706,0
1790756563582607527,pose,-0.037794895470142365,-0.8285227417945862,-1.319056749343872,-0.004962169099599123
1790756563590448192,pose,-0.03754248842597008,-0.8288171291351318,-1.318763256072998,-0.005016033072024584
1790756563598669859,pose,-0.037078164517879486,-0.8294059634208679,-1.317997694015503,-0.005112190265208483
1790756563671618234,det,-0.09578233337717733,0.017789778807626843,1.3417808623665555,0
1790756563762163550,pose,-0.03686583787202835,-0.8297001719474792,-1.3175339698791504,-0.005224983207881451
1790756563764717195,pose,-0.036660343408584595,-0.829993486404419,-1.3170056343078613,-0.005336237605661154
1790756563772584418,pose,-0.03646156191825867,-0.8302858471870422,-1.316413164138794,-0.005443227477371693
1790756563778320628,det,-0.09480296223774838,0.01797169719541939,1.3385680446641333,0
1790756563862217391,det,-0.09275236132580005,0.01791686070092194,1.3366666368059437,0
1790756563942533097,det,-0.09021308227456423,0.01797975864688512,1.3360906068601195,0
1790756563947880302,pose,-0.03626937046647072,-0.8305773735046387,-1.315757393836975,-0.005545701831579208
1790756563954688187,pose,-0.036083757877349854,-0.8308680057525635,-1.3150396347045898,-0.005641463678330183
1790756563966453102,pose,-0.03573143482208252,-0.8314470648765564,-1.3134393692016602,-0.005815696902573109
1790756563978640443,pose,-0.03557603061199188,-0.8317387700080872,-1.3125611543655396,-0.005896528717130423
1790756563998753649,det,-0.08718948344054056,0.01804498342217376,1.334371369476265,0
1790756564048818419,pose,-0.035426460206508636,-0.8320300579071045,-1.311629295349121,-0.005985747557133436
1790756564056970906,pose,-0.0352826863527298,-0.832321047782898,-1.310646414756775,-0.006070843897759914
1790756564068978126,pose,-0.035663992166519165,-0.8328928351402283,-1.3087835311889648,-0.006225672084838152
1790756564141949467,pose,-0.03617506101727486,-0.8331754803657532,-1.3079124689102173,-0.006327421870082617
1790756564167869032,pose,-0.03667811304330826,-0.8334599733352661,-1.306991457939148,-0.006422359962016344
1790756564173512027,pose,-0.03766155615448952,-0.8340349197387695,-1.3050081729888916,-0.006598370615392923
1790756564235282243,det,-0.08447528910087646,0.01822293594589965,1.3329500899364208,0
1790756564323802356,det,-0.0827812595083647,0.018537450295160688,1.3312080758099212,0
1790756564366090074,pose,-0.03814266622066498,-0.8343254327774048,-1.3039495944976807,-0.006681312341243029
1790756564374996722,pose,-0.03861716762185097,-0.8346181511878967,-1.3028483390808105,-0.006759324576705694
1790756564383280544,pose,-0.03908230736851692,-0.8349248766899109,-1.30171799659729,-0.006831529084593058
1790756564417667364,det,-0.08234034685609,0.018825577588348727,1.3287961957959271,0
1790756564518738428,pose,-0.03999456390738487,-0.835545003414154,-1.2993412017822266,-0.0070003061555325985
1790756564529027819,pose,-0.0404423326253891,-0.8358584046363831,-1.298098087310791,-0.007076118141412735
1790756564535136777,pose,-0.040884848684072495,-0.8361741900444031,-1.2968188524246216,-0.007147928699851036
1790756564548672277,pose,-0.04132220521569252,-0.8364924788475037,-1.2955044507980347,-0.007213162258267403
1790756564563735138,det,-0.08261034851701558,0.0192505993421982,1.3256040542151428,0
1790756564661367977,det,-0.0831274290765531,0.019807282624704634,1.3223346806029288,0
1790756564702511285,pose,-0.041754476726055145,-0.8368133306503296,-1.294155478477478,-0.007272457703948021
1790756564714379540,pose,-0.04218180105090141,-0.8371366858482361,-1.2927851676940918,-0.007323729805648327
1790756564720514991,pose,-0.04248333349823952,-0.8374009728431702,-1.2912380695343018,-0.00736717414110899
1790756564730536642,det,-0.08378563706987559,0.02029592159468323,1.3190699069962413,0
1790756564792265128,pose,-0.04308408126235008,-0.8379393815994263,-1.288057565689087,-0.00742031866684556
1790756564809920108,pose,-0.04338167980313301,-0.8382129073143005,-1.2864261865615845,-0.007441541645675898
1790756564814965922,pose,-0.043677493929862976,-0.8384892344474792,-1.2847681045532227,-0.0074594588950276375
1790756564869844223,det,-0.08440849733562687,0.020803550492978645,1.3142294680258793,0
1790756564950010281,det,-0.08477281884304601,0.021482916240908697,1.3084121947071303,0
1790756564954045681,pose,-0.04397150129079819,-0.8387682437896729,-1.283096432685852,-0.007469304371625185
1790756564961420937,pose,-0.044553663581609726,-0.839333713054657,-1.2796772718429565,-0.007469589356333017
1790756564969056367,pose,-0.04484178498387337,-0.8396201729774475,-1.277931571006775,-0.007460578810423613
1790756565013918958,det,-0.08462511733470289,0.022185682955464393,1.3028049167785334,0
1790756565064095313,pose,-0.045127905905246735,-0.839909017086029,-1.2761632204055786,-0.00744650699198246
1790756565076606282,pose,-0.04542352259159088,-0.8401941657066345,-1.274373173713684,-0.007426914293318987
1790756565084889868,pose,-0.04600830748677254,-0.8407710790634155,-1.2707568407058716,-0.007348706480115652
1790756565092301570,pose,-0.04649575799703598,-0.8414843082427979,-1.2658473253250122,-0.007110692095011473
1790756565134210988,det,-0.08408716462533886,0.022568562981058922,1.296823706150498,0
1790756565186814416,pose,-0.04678300395607948,-0.8417782783508301,-1.2639743089675903,-0.007090240251272917
1790756565199250586,pose,-0.046829704195261,-0.8424232602119446,-1.260483741760254,-0.006989858578890562
1790756565210087709,pose,-0.04660128057003021,-0.8427727222442627,-1.2588711977005005,-0.006925593595951796
1790756565254485926,det,-0.0832257779999118,0.022973849017284362,1.2891105672953902,0
1790756565314797381,pose,-0.04638230428099632,-0.8431223034858704,-1.2572377920150757,-0.00685344822704792
1790756565326535198,pose,-0.04617243632674217,-0.8434718251228333,-1.255584716796875,-0.006772600580006838
1790756565339438735,pose,-0.04598640277981758,-0.843821108341217,-1.2539125680923462,-0.0066869426518678665
1790756565481808353,pose,-0.045639585703611374,-0.8445200324058533,-1.2505152225494385,-0.0065841046161949635
1790756565482763029,det,-0.08318765729317248,0.02066387732946576,1.2793197864693495,0
1790756565489474632,pose,-0.04547819495201111,-0.8448696136474609,-1.248792052268982,-0.0065242513082921505
1790756565500921093,pose,-0.0453244224190712,-0.845219075679779,-1.2470645904541016,-0.006462498567998409
1790756565511855554,pose,-0.0451781302690506,-0.8455682992935181,-1.2453224658966064,-0.006396894343197346
1790756565585325285,pose,-0.04490719735622406,-0.8462664484977722,-1.2417967319488525,-0.006255453918129206
1790756565595829501,pose,-0.044781919568777084,-0.8466152548789978,-1.2400144338607788,-0.006181216798722744
1790756565609894933,pose,-0.04465972259640694,-0.8469648957252502,-1.238219976425171,-0.00610360037535429
1790756565639339924,det,-0.08232582977231019,0.019860052926390797,1.2707889410385582,0
1790756565688824433,det,-0.08107162482030343,0.01965356875343965,1.2611120474030597,0
1790756565714774917,pose,-0.044544003903865814,-0.8473141193389893,-1.2364249229431152,-0.005999040324240923
1790756565725743072,pose,-0.04406597092747688,-0.8478397727012634,-1.2318305969238281,-0.00578349269926548
1790756565734136695,pose,-0.043738093227148056,-0.8480414152145386,-1.2290762662887573,-0.005661649163812399
1790756565802496642,pose,-0.0434429757297039,-0.8482617139816284,-1.2263513803482056,-0.005538358818739653
1790756565810225372,pose,-0.04317456856369972,-0.8484961986541748,-1.2236719131469727,-0.005413617007434368
1790756565823105629,pose,-0.04268867149949074,-0.8489965796470642,-1.218376636505127,-0.005185975227504969
1790756565832510918,pose,-0.04247111454606056,-0.8492576479911804,-1.2157573699951172,-0.005081179551780224
1790756565890693985,pose,-0.042267363518476486,-0.8495239019393921,-1.2131553888320923,-0.004976027645170689
1790756565899904089,pose,-0.04207571968436241,-0.8497942686080933,-1.2105693817138672,-0.004870175383985043
1790756565925989310,pose,-0.04172350838780403,-0.8503445386886597,-1.2054760456085205,-0.004654089454561472
1790756565957774072,det,-0.08010573466193326,0.01975908877946973,1.2526611594024206,0
1790756566015554850,det,-0.07922256794317142,0.020211858075979857,1.2445646676648012,0
1790756566063371294,pose,-0.04156094789505005,-0.850623369216919,-1.2029494047164917,-0.004543178714811802
1790756566072628628,pose,-0.041406355798244476,-0.8509041666984558,-1.2004352807998657,-0.004433277528733015
1790756566079419506,det,-0.07856735245978314,0.02068000468710954,1.2369756389932507,0
1790756566080561916,pose,-0.04125133529305458,-0.8511833548545837,-1.1979334354400635,-0.0043206047266721725
1790756566154627471,pose,-0.04213949665427208,-0.8514290452003479,-1.1936776638031006,-0.003995430655777454
1790756566162628921,pose,-0.04256951063871384,-0.8515595197677612,-1.1915602684020996,-0.0038262559100985527
1790756566180630293,pose,-0.04299062862992287,-0.8516947031021118,-1.1894452571868896,-0.0036558820866048336
1790756566185306715,pose,-0.04340319707989693,-0.8518342971801758,-1.1873328685760498,-0.0034849161747843027
1790756566209460706,det,-0.07790174576969733,0.021133672460972062,1.2295588205812475,0
1790756566269720701,det,-0.07655511282369037,0.02151493400404268,1.2220303631453897,0
1790756566301928789,pose,-0.04420461505651474,-0.8521254658699036,-1.1831175088882446,-0.0031451107934117317
1790756566307269659,pose,-0.04459427669644356,-0.8522768020629883,-1.1810296773910522,-0.0029756128787994385
1790756566315301800,pose,-0.04500574618577957,-0.8524250984191895,-1.1789454221725464,-0.0028059324249625206
1790756566358943519,det,-0.07511119209310382,0.021861543734696696,1.2135750071226792,0
1790756566398314248,pose,-0.04541027918457985,-0.8525769114494324,-1.176864743232727,-0.0026935054920613766
1790756566419968063,pose,-0.04619954898953438,-0.8528901934623718,-1.172715187072754,-0.0024722833186388016
1790756566420536840,pose,-0.04658485949039459,-0.8530516028404236,-1.170647144317627,-0.0023627805057913065
1790756566474425110,det,-0.07358198157726581,0.022274428116921628,1.2059802532049306,0
1790756566530675027,pose,-0.04696441441774368,-0.8532159924507141,-1.1685837507247925,-0.0022520637139678
1790756566538332061,pose,-0.04733844846487045,-0.8533833026885986,-1.166540265083313,-0.0021424083970487118
1790756566549857360,pose,-0.04796833544969559,-0.8534930348396301,-1.162781000137329,-0.001917968038469553
1790756566557973422,pose,-0.048275697976350784,-0.8535594940185547,-1.160906195640564,-0.001805017003789544
1790756566625206128,pose,-0.04857957363128662,-0.8536304831504822,-1.159035086631775,-0.0016863527707755566
1790756566638643859,pose,-0.04888004809617996,-0.8537058234214783,-1.157167911529541,-0.0015697567723691463
1790756566645884837,pose,-0.0494709238409996,-0.8538689017295837,-1.1534721851348877,-0.0013491084100678563
1790756566720693005,det,-0.07223878835251095,0.022612418836414246,1.1992334476048447,0
1790756566786011982,det,-0.07105013360223937,0.023141679905338493,1.1937365908935544,0
1790756566795649297,pose,-0.04976140707731247,-0.8539562821388245,-1.1516292095184326,-0.0012415687087923288
1790756566808990539,pose,-0.05004875361919403,-0.8540474772453308,-1.1497894525527954,-0.001137557323090732
1790756566814871317,pose,-0.05033307150006294,-0.8541423678398132,-1.1479531526565552,-0.001035847351886332
1790756566862524206,det,-0.07013871229707892,0.023476483573123947,1.1884984074935716,0
1790756566931175890,pose,-0.05089927092194557,-0.8543596863746643,-1.144303560256958,-0.0008414874318987131
1790756566931838238,pose,-0.05118124186992645,-0.8544818758964539,-1.1424895524978638,-0.0007654696237295866
1790756566939398663,pose,-0.05146036297082901,-0.8546074032783508,-1.1406776905059814,-0.0006916705169714987
1790756566986856507,det,-0.06942204250160991,0.024056402448490808,1.183419944884276,0
1790756567019545849,pose,-0.05173666402697563,-0.8547360897064209,-1.1388673782348633,-0.0006194170564413071
1790756567030411198,pose,-0.05103342980146408,-0.8549084663391113,-1.1355793476104736,-0.00048257620073854923
1790756567046474934,pose,-0.050082262605428696,-0.8549549579620361,-1.1341043710708618,-0.00041493569733574986
1790756567051794318,pose,-0.049156006425619125,-0.8550072312355042,-1.1326212882995605,-0.00034873909316956997
1790756567065036955,det,-0.06889160288711878,0.02442560557567599,1.1786383816647845,0
1790756567131283240,pose,-0.04825393110513687,-0.8550652265548706,-1.1311304569244385,-0.00028382812160998583
1790756567143682610,pose,-0.047378040850162506,-0.8551319241523743,-1.129631757736206,-0.00022091064602136612
1790756567154623034,pose,-0.046524807810783386,-0.855204164981842,-1.1281253099441528,-0.00017290611867792904
1790756567201009075,det,-0.06818887383185794,0.024744606096560248,1.1729411074544036,0
1790756567262790660,pose,-0.04409433528780937,-0.8554522395133972,-1.1235719919204712,-4.5339096686802804e-05
1790756567281183966,pose,-0.043325044214725494,-0.8555451035499573,-1.122046947479248,-6.0706506701535545e-06
1790756567283253343,pose,-0.042575232684612274,-0.8556428551673889,-1.1205137968063354,3.0534996767528355e-05
1790756567330875478,det,-0.06747882488464994,0.0250779065552,1.168094621109999,0
1790756567380959532,pose,-0.04184446111321449,-0.855745255947113,-1.1189724206924438,6.476055568782613e-05
1790756567398554493,pose,-0.04113223776221275,-0.8558521866798401,-1.1174228191375732,9.900798613671213e-05
1790756567409269941,pose,-0.04043801873922348,-0.8559635281562805,-1.1158647537231445,0.0001316442940151319
1790756567474133720,det,-0.06678666065300375,0.025486805204972096,1.1633031812369994,0
1790756567512447211,pose,-0.03976127877831459,-0.8560792803764343,-1.1143113374710083,0.00016147705900948495
1790756567540569951,pose,-0.0390763133764267,-0.856179416179657,-1.1127489805221558,0.0001896398898679763
1790756567540892051,pose,-0.037804074585437775,-0.8565054535865784,-1.1107773780822754,0.00032954715425148606
1790756567545233919,pose,-0.03656164929270744,-0.8568310141563416,-1.10880708694458,0.0004662055289372802
1790756567577462153,det,-0.06636045650509559,0.025995896627514076,1.1589714167266798,0
1790756567639099359,pose,-0.03534812852740288,-0.8571560978889465,-1.1068378686904907,0.0006009755306877196
1790756567646160415,pose,-0.03416275233030319,-0.8574807047843933,-1.1048696041107178,0.0007348631625063717
1790756567659176048,pose,-0.03187354654073715,-0.8581286072731018,-1.1009628772735596,0.0009951869724318385
1790756567701977204,det,-0.06580651029516633,0.026828492736605647,1.1539544699959114,0
1790756567766184483,pose,-0.030768556520342827,-0.8584522008895874,-1.0990089178085327,0.0011251367395743728
1790756567771133744,pose,-0.029689110815525055,-0.8587754964828491,-1.097054362297058,0.0012556297006085515
1790756567779167201,pose,-0.02863243967294693,-0.8591017127037048,-1.0950993299484253,0.001382326940074563
1790756567808166459,det,-0.06489127103908549,0.03026671641758826,1.1473901491458116,0
1790756567856152926,pose,-0.026591792702674866,-0.859752893447876,-1.0912013053894043,0.0016469313995912671
1790756567870023915,pose,-0.02560671605169773,-0.860077977180481,-1.0892579555511475,0.0017803128575906157
1790756567881881350,pose,-0.02464444562792778,-0.8604028224945068,-1.0873130559921265,0.001912452164106071
1790756567889015036,pose,-0.023704472929239273,-0.8607273697853088,-1.0853668451309204,0.002042955718934536
1790756567931193783,det,-0.06406830043455357,0.03250840639848578,1.1419142242161153,0
1790756567987154152,pose,-0.02222534455358982,-0.8615099191665649,-1.082110047340393,0.002303008222952485
1790756567987554621,pose,-0.02167741023004055,-0.8619657754898071,-1.0807843208312988,0.002419595140963793
1790756568006061642,pose,-0.021142276003956795,-0.8624192476272583,-1.0794531106948853,0.002535156672820449
1790756568063091047,det,-0.06328392783850989,0.03411438398200321,1.1356701174742274,0
1790756568106537195,pose,-0.020593302324414253,-0.8628721237182617,-1.078106164932251,0.0026496960781514645
1790756568119309715,pose,-0.019533146172761917,-0.8637709617614746,-1.0753663778305054,0.002955337753519416
1790756568127912766,pose,-0.01902160234749317,-0.8642168641090393,-1.0739740133285522,0.003101301845163107
1790756568157971344,det,-0.06250487947829872,0.035360715713114214,1.1298411375225157,0
1790756568206923689,pose,-0.018522217869758606,-0.864660382270813,-1.0725672245025635,0.0032443185336887836
1790756568222029438,pose,-0.017559142783284187,-0.8655405044555664,-1.0697327852249146,0.003517289413139224
1790756568226311326,pose,-0.017095280811190605,-0.8659773468971252,-1.0682945251464844,0.0036477704998105764
1790756568245894009,pose,-0.01664302870631218,-0.8664120435714722,-1.0668424367904663,0.0037731726188212633
1790756568278082847,det,-0.06171393472637287,0.036399604668053025,1.1246409826761592,0
1790756568339095804,pose,-0.01620231196284294,-0.8668445944786072,-1.065376877784729,0.003894583322107792
1790756568346674603,pose,-0.01578705571591854,-0.8672822713851929,-1.0638983249664307,0.004009648691862822
1790756568362991711,pose,-0.015030384063720703,-0.868414044380188,-1.0589969158172607,0.004103723913431168
1790756568388191741,det,-0.06104247810790592,0.037231942206061616,1.1209722090159009,0
1790756568455258037,pose,-0.014702477492392063,-0.8698843121528625,-1.0563442707061768,0.0042283497750759125
1790756568463576889,pose,-0.014547668397426605,-0.8706090450286865,-1.0549932718276978,0.00425738887861371
1790756568467021987,pose,-0.014399006962776184,-0.8713271021842957,-1.0536266565322876,0.004278379026800394
1790756568517665338,det,-0.06038799973339501,0.03782346355274696,1.1179911626706485,0
1790756568562075039,pose,-0.01425642054527998,-0.8720384240150452,-1.0522549152374268,0.004293698351830244
1790756568570002546,pose,-0.014119808562099934,-0.8727433085441589,-1.0508677959442139,0.004302705638110638
1790756568582565195,pose,-0.0138943400233984,-0.8741075396537781,-1.0480486154556274,0.00427199574187398
1790756568590737659,pose,-0.013790159486234188,-0.874780535697937,-1.046616792678833,0.0042334008030593395
1790756568649906742,pose,-0.013691658154129982,-0.8754474520683289,-1.0451703071594238,0.004187782760709524
1790756568655774381,pose,-0.013598818331956863,-0.8761082887649536,-1.043709397315979,0.004137568641453981
1790756568677209926,pose,-0.013429730199277401,-0.8774121403694153,-1.040765643119812,0.004023148212581873
1790756568696539307,det,-0.059775869048749194,0.03818750894562545,1.1152168604554527,0
1790756568746347091,det,-0.059045912436824506,0.038341049127823025,1.111585485586525,0
1790756568780020829,pose,-0.013353477232158184,-0.8780553936958313,-1.0392720699310303,0.00395794166252017
1790756568792206672,pose,-0.013282762840390205,-0.8786929845809937,-1.037764310836792,0.003889131359755993
1790756568806388375,pose,-0.013233783654868603,-0.8793243169784546,-1.0362428426742554,0.0038164143916219473
1790756568864201596,pose,-0.013558871112763882,-0.8811853528022766,-1.0332715511322021,0.003587258979678154
1790756568878257542,pose,-0.013710509985685349,-0.8822036981582642,-1.0319066047668457,0.0034558000043034554
1790756568887438914,pose,-0.01386758591979742,-0.8831889033317566,-1.0304902791976929,0.0033015164081007242
1790756568894468852,pose,-0.014028879813849926,-0.8841459155082703,-1.0290311574935913,0.003151465905830264
1790756568918283361,det,-0.05811012665907624,0.0385258619707824,1.1068058494961934,0
1790756568961406406,det,-0.05696569748678672,0.038350969701341706,1.1018953809499457,0
1790756569015513871,pose,-0.01419360563158989,-0.8850787281990051,-1.0275360345840454,0.0030025565065443516
1790756569023571171,pose,-0.014361289329826832,-0.8859906792640686,-1.0260205268859863,0.002853046404197812
1790756569038499022,pose,-0.014748585410416126,-0.887768030166626,-1.0229099988937378,0.0025514436420053244
1790756569058026173,det,-0.05573928898808993,0.03797370473921969,1.09499845177891,0
1790756569131028481,pose,-0.014944653958082199,-0.8886338472366333,-1.021320104598999,0.002396141178905964
1790756569140410560,pose,-0.015142231248319149,-0.8894863724708557,-1.019709825515747,0.0022412969265133142
1790756569148375514,pose,-0.015341262333095074,-0.8903267979621887,-1.0180808305740356,0.00208672066219151
1790756569169654918,det,-0.054264110050320565,0.03796470944048455,1.0890208940226882,0
1790756569242061279,pose,-0.015743544325232506,-0.8919750452041626,-1.014792799949646,0.0017764908261597157
1790756569258212580,pose,-0.015391595661640167,-0.8924148082733154,-1.0137946605682373,0.0016232028137892485
1790756569265049810,pose,-0.015058034099638462,-0.8928517699241638,-1.0127629041671753,0.001487594097852707
1790756569283991732,det,-0.05280265655881252,0.03811910596425012,1.0820577290665028,0
1790756569357702880,pose,-0.014738807454705238,-0.893287718296051,-1.0116989612579346,0.0013509126147255301
1790756569379117986,pose,-0.014140558429062366,-0.894155740737915,-1.009480595588684,0.0010794955305755138
1790756569383182009,pose,-0.01386027131229639,-0.8945876955986023,-1.0083352327346802,0.0009449912467971444
1790756569392359830,pose,-0.013591811992228031,-0.8950181603431702,-1.0071630477905273,0.0008104820735752583
1790756569409083682,det,-0.05124854009939145,0.03741833074044127,1.074335645818763,0
1790756569475335214,pose,-0.013283899985253811,-0.8954490423202515,-1.0060709714889526,0.0006788436439819634
1790756569498034528,pose,-0.012999902479350567,-0.8958779573440552,-1.0049281120300293,0.0005485850851982832
1790756569498493547,pose,-0.012736392207443714,-0.8963046669960022,-1.0037412643432617,0.00042213386041112244
1790756569518365145,det,-0.04990954529956016,0.037114155650307505,1.0678902690909837,0
1790756569575439637,pose,-0.01226650271564722,-0.8971531391143799,-1.0012707710266113,0.00018017287948168814
1790756569583529156,pose,-0.012056224048137665,-0.8975746035575867,-0.9999871850013733,2.566688635852188e-05
1790756569602243962,pose,-0.011672343127429485,-0.8984096646308899,-0.9973383545875549,-0.00027245120145380497
1790756569657340597,pose,-0.012237919494509697,-0.8989376425743103,-0.9951155185699463,-0.00041408473043702543
1790756569673940480,pose,-0.012793964706361294,-0.899459183216095,-0.9928950667381287,-0.000558987318072468
1790756569676618478,pose,-0.013340928591787815,-0.8999741673469543,-0.9906886219978333,-0.0006996071897447109
1790756569704979139,det,-0.04833998521583889,0.036625429067952325,1.0604069494679325,0
1790756569762274753,det,-0.046939065786226954,0.03630433442081431,1.0532944950321967,0
1790756569796733351,pose,-0.013879225589334965,-0.9004828333854675,-0.9884841442108154,-0.000836352352052927
1790756569807476935,pose,-0.014407710172235966,-0.9009920358657837,-0.9862819910049438,-0.0009703762480057776
1790756569815520744,pose,-0.015441987663507462,-0.9019918441772461,-0.9818850159645081,-0.001250795554369688
1790756569824442911,pose,-0.015948520973324776,-0.9024828672409058,-0.9796903133392334,-0.0013850056566298008
1790756569847586852,det,-0.04557355849759758,0.036257204220568724,1.046121128655024,0
1790756569925467822,pose,-0.01694214902818203,-0.9034472703933716,-0.9753322005271912,-0.0016436328878626227
1790756569925941472,pose,-0.017429862171411514,-0.9039208889007568,-0.9731566309928894,-0.0017667404608801007
1790756569935516472,pose,-0.017911847680807114,-0.904388964176178,-0.9709836840629578,-0.0018883902812376618
1790756569957213577,det,-0.04403874581583484,0.0362365817573589,1.0380875847164943,0
1790756570024567882,pose,-0.018384834751486778,-0.9048454165458679,-0.9688132405281067,-0.0020035544876009226
1790756570035464939,pose,-0.0188523530960083,-0.9052963256835938,-0.9666455984115601,-0.002113232621923089
1790756570043942265,pose,-0.019314687699079514,-0.905741810798645,-0.9644927978515625,-0.0022184872068464756
1790756570103523581,pose,-0.019771946594119072,-0.9061818718910217,-0.9623430371284485,-0.002318727085366845
1790756570111593090,pose,-0.019877964630723,-0.9069302082061768,-0.9609906077384949,-0.002417963929474354
1790756570130027196,pose,-0.020098118111491203,-0.9083961844444275,-0.9582394957542419,-0.0026063218247145414
1790756570146755892,pose,-0.02021215856075287,-0.9091142416000366,-0.956842303276062,-0.0026936247013509274
1790756570179720833,det,-0.042945958476812124,0.036454472982514356,1.0309387225259088,0
1790756570236613834,det,-0.04223299379386993,0.03652453254957493,1.0242279425023195,0
1790756570266347344,pose,-0.02032867632806301,-0.9098225235939026,-0.9554376602172852,-0.002787315985187888
1790756570274401653,pose,-0.0204475000500679,-0.9105212688446045,-0.9540197849273682,-0.0028713601641356945
1790756570283098335,pose,-0.0205569788813591,-0.911207377910614,-0.952589213848114,-0.0029471442103385925
1790756570331116316,det,-0.041861425864453114,0.03659692178721485,1.0177528316602311,0
1790756570385714757,pose,-0.02066855877637863,-0.9118844270706177,-0.9511463642120361,-0.0029964065179228783
1790756570397049174,pose,-0.020897740498185158,-0.9132118821144104,-0.948225736618042,-0.003078771522268653
1790756570405642554,pose,-0.021015068516135216,-0.913862407207489,-0.9467486143112183,-0.003111382946372032
1790756570474725635,pose,-0.02113407850265503,-0.9145044684410095,-0.9452677369117737,-0.003141507739201188
1790756570480254883,pose,-0.021254681050777435,-0.9151381850242615,-0.9437759518623352,-0.0031668273732066154
1790756570496882708,pose,-0.0214725099503994,-0.9163877367973328,-0.9407613277435303,-0.0032048553694039583
1790756570502005602,pose,-0.02156984992325306,-0.9170036911964417,-0.9392387270927429,-0.0031783783342689276
1790756570534166856,det,-0.041715890071167196,0.03658549322885799,1.0106672950763655,0
1790756570600961075,det,-0.04164231479379538,0.036703735075347126,1.0032944526303134,0
1790756570639224972,pose,-0.02181723155081272,-0.9171821475028992,-0.9378056526184082,-0.003146321978420019
1790756570647468567,pose,-0.022062044590711594,-0.9173611998558044,-0.9363657832145691,-0.003104011993855238
1790756570659264277,pose,-0.022543981671333313,-0.9177202582359314,-0.9334459900856018,-0.0030079844873398542
1790756570729395235,pose,-0.022781098261475563,-0.9179001450538635,-0.9319667220115662,-0.0029537139926105738
1790756570740909773,pose,-0.023325743153691292,-0.9183567762374878,-0.9280673861503601,-0.0028462857007980347
1790756570749103898,pose,-0.023560550063848495,-0.9185091853141785,-0.9266111850738525,-0.0027681852225214243
1790756570830982149,pose,-0.023793458938598633,-0.9186639785766602,-0.9251289367675781,-0.0026925255078822374
1790756570845278546,pose,-0.02402438037097454,-0.9188203811645508,-0.9236240386962891,-0.002618638565763831
1790756570848924986,pose,-0.024253224954009056,-0.9189778566360474,-0.9220991134643555,-0.0025434247218072414
1790756570857241890,pose,-0.024480074644088745,-0.9191359281539917,-0.920556366443634,-0.0024703089147806168
1790756570949954688,pose,-0.024928076192736626,-0.9194521903991699,-0.9174312949180603,-0.0023180486168712378
1790756570950367526,pose,-0.025149278342723846,-0.9196099042892456,-0.9158514738082886,-0.0022422093898057938
1790756570958464580,pose,-0.025188883766531944,-0.9192162156105042,-0.9140198230743408,-0.0021639929618686438
1790756571002573659,det,-0.04160476904807735,0.036519053203604525,0.996524130776016,0
1790756571054484639,pose,-0.025198495015501976,-0.9188463687896729,-0.9121831655502319,-0.002076478209346533
1790756571078713064,pose,-0.025226084515452385,-0.9181441068649292,-0.9084965586662292,-0.0017919806996360421
1790756571083996627,pose,-0.02524380572140217,-0.917810320854187,-0.9066559076309204,-0.0016507210675626993
1790756571117401609,det,-0.0416198093126645,0.03623508857568187,0.9901678049740983,0
1790756571245592808,pose,-0.025286732241511345,-0.9171740412712097,-0.9029627442359924,-0.0013685818994417787
1790756571260520138,pose,-0.025311661884188652,-0.9168708324432373,-0.9011091589927673,-0.0012298121582716703
1790756571269894494,pose,-0.025338638573884964,-0.9165770411491394,-0.8992499113082886,-0.001091483049094677
1790756571283999461,pose,-0.025377096608281136,-0.9162871241569519,-0.8973846435546875,-0.0009531931136734784
1790756571434787094,pose,-0.025395989418029785,-0.9159504771232605,-0.8955551981925964,-0.0008328633848577738
1790756571441593057,pose,-0.025421947240829468,-0.9156360626220703,-0.8937101364135742,-0.0007104770629666746
1790756571458719687,pose,-0.025490371510386467,-0.9150614738464355,-0.8899800777435303,-0.0004734391113743186
1790756571568626217,pose,-0.02553103119134903,-0.914796769618988,-0.8880978226661682,-0.00035741247120313346
1790756571579256751,pose,-0.025234850123524666,-0.9145245552062988,-0.8856523633003235,-0.0002705499646253884
1790756571586921366,pose,-0.024885613471269608,-0.9141777157783508,-0.884170651435852,-0.00012198871263535693
1790756571664795568,pose,-0.02422613836824894,-0.9135200381278992,-0.8811421990394592,0.00013540737563744187
1790756571682373420,pose,-0.02391688898205757,-0.9131954908370972,-0.8795980215072632,0.00025194886256940663
1790756571706918682,pose,-0.023618442937731743,-0.9128808975219727,-0.8780351281166077,0.000349079433362931
1790756571816086034,pose,-0.02333010360598564,-0.9125757813453674,-0.8764543533325195,0.0004459939955268055
1790756571826466110,pose,-0.022781288251280785,-0.9119919538497925,-0.8732544183731079,0.0006214565364643931
1790756571838042857,pose,-0.022520065307617188,-0.9117125272750854,-0.8716298341751099,0.0007039099582470953
1790756571851856614,pose,-0.022267237305641174,-0.9114409685134888,-0.8699893951416016,0.0007813709671609104
1790756571918350991,pose,-0.022022558376193047,-0.9111771583557129,-0.8683331608772278,0.0008560337591916323
1790756571939101832,pose,-0.021785886958241463,-0.9109207987785339,-0.8666613101959229,0.0009262863313779235
1790756571940746892,pose,-0.02155677042901516,-0.9106819033622742,-0.8649743795394897,0.000991087406873703
1790756572081146253,pose,-0.021335123106837273,-0.9104500412940979,-0.8632788062095642,0.001060638576745987
1790756572096001367,pose,-0.02125430852174759,-0.9103031158447266,-0.861665666103363,0.0011197638232260942
1790756572111757099,pose,-0.021177317947149277,-0.9101607203483582,-0.8600353598594666,0.001172670628875494
1790756572214118959,pose,-0.021104108542203903,-0.9100226163864136,-0.8583877682685852,0.0012202821671962738
1790756572220258144,pose,-0.021034549921751022,-0.9098888039588928,-0.8567224144935608,0.0012666009133681655
1790756572228728061,pose,-0.020936962217092514,-0.9097221493721008,-0.8551093935966492,0.0013075307942926884
1790756572295767383,pose,-0.020772026851773262,-0.9094192385673523,-0.8517952561378479,0.0013762864982709289
1790756572308443337,pose,-0.020701633766293526,-0.9092796444892883,-0.8501513004302979,0.001412725425325334
1790756572315772859,pose,-0.020638272166252136,-0.9091484546661377,-0.8485636115074158,0.0014463780680671334
1790756572326201969,pose,-0.020581161603331566,-0.9090245962142944,-0.8470507860183716,0.0014760424382984638
1790756572387799542,pose,-0.02048300765454769,-0.9087958335876465,-0.8442919850349426,0.0015265678521245718
1790756572396418117,pose,-0.02044074609875679,-0.9086896181106567,-0.8430512547492981,0.0015482710441574454
1790756572409587639,pose,-0.020402446389198303,-0.9085883498191833,-0.8418999910354614,0.0015673156594857574
1790756572505134554,pose,-0.020367898046970367,-0.9084915518760681,-0.8408362865447998,0.00158329785335809
1790756572516226659,pose,-0.02030916139483452,-0.9079324007034302,-0.838751494884491,0.0015988217201083899
1790756572524311303,pose,-0.02023323066532612,-0.9073492884635925,-0.8378055691719055,0.0016028551617637277
1790756572598515830,pose,-0.020129689946770668,-0.9063038229942322,-0.8360912799835205,0.0016024375800043344
1790756572606637414,pose,-0.02009584754705429,-0.9058266282081604,-0.8353226780891418,0.0015990932006388903
1790756572617616041,pose,-0.020045237615704536,-0.9053101539611816,-0.8346457481384277,0.0015923279570415616
1790756572624199106,pose,-0.02003447897732258,-0.9048444032669067,-0.8340223431587219,0.0015835100784897804
1790756572822177717,pose,-0.02003391645848751,-0.9044065475463867,-0.8334435820579529,0.001549365813843906
1790756572822854424,pose,-0.02004151977598667,-0.9039913415908813,-0.8329083323478699,0.0015070366207510233
1790756572829842740,pose,-0.020055774599313736,-0.9035946726799011,-0.8324152231216431,0.0014648346696048975
1790756572981993299,pose,-0.020075585693120956,-0.9032135009765625,-0.8319622874259949,0.0014249762753024697
1790756572990427595,pose,-0.020099995657801628,-0.9028454422950745,-0.8315472602844238,0.0013835030840709805
1790756573035274966,pose,-0.020159803330898285,-0.9021414518356323,-0.8308355212211609,0.0012992837000638247
1790756573105499466,pose,-0.020498935133218765,-0.9017576575279236,-0.8308379650115967,0.001255482085980475
1790756573114336116,pose,-0.020831391215324402,-0.9013820886611938,-0.830860435962677,0.0012283334508538246
1790756573130218423,pose,-0.02115757204592228,-0.9010137319564819,-0.8309018611907959,0.0011982482392340899
1790756573133812674,pose,-0.021477697417140007,-0.9006519317626953,-0.8309612274169922,0.0011683707125484943
1790756573285056535,pose,-0.021791931241750717,-0.900296151638031,-0.8310427069664001,0.0011395728215575218
1790756573299353706,pose,-0.02228703908622265,-0.9000113010406494,-0.8308293223381042,0.0010759637225419283
1790756573305606118,pose,-0.022633668035268784,-0.8996767401695251,-0.8309277892112732,0.0010373423574492335
1790756573456177633,pose,-0.02292858250439167,-0.8993330001831055,-0.831099271774292,0.000992300920188427
1790756573470316320,pose,-0.023218322545289993,-0.8989940881729126,-0.8312795162200928,0.0009533052798360586
1790756573478630870,pose,-0.02351725473999977,-0.8986634016036987,-0.8314669728279114,0.0009178321924991906
1790756573592321744,pose,-0.02381107583642006,-0.8983373045921326,-0.8316658735275269,0.0008843691321089864
1790756573599689738,pose,-0.024099893867969513,-0.8980158567428589,-0.8318688273429871,0.000852090073749423
1790756573612165665,pose,-0.02467697486281395,-0.8973051905632019,-0.8323678374290466,0.0007857969612814486
1790756573619520616,pose,-0.024955566972494125,-0.8969706892967224,-0.8326037526130676,0.0007556118653155863
1790756573701946675,pose,-0.025245938450098038,-0.8952196836471558,-0.8331036567687988,0.0007022017962299287
1790756573714030592,pose,-0.025389986112713814,-0.8943853378295898,-0.8333491683006287,0.0006791881169192493
1790756573717365622,pose,-0.025537259876728058,-0.8935722708702087,-0.8335905075073242,0.0006566871888935566
1790756573884706012,pose,-0.025683419778943062,-0.8927810192108154,-0.8338279724121094,0.0006383400177583098
1790756573897884861,pose,-0.02582847885787487,-0.8920098543167114,-0.8340620398521423,0.0006207245751284063
1790756573912172379,pose,-0.025972459465265274,-0.8912574648857117,-0.834293007850647,0.0006027072085998952
1790756573998367122,pose,-0.02625633031129837,-0.8898043632507324,-0.834758996963501,0.000570985022932291
1790756574009911412,pose,-0.026370398700237274,-0.8887458443641663,-0.8351895809173584,0.00055457663256675
1790756574017045167,pose,-0.026499813422560692,-0.8876901865005493,-0.8356174230575562,0.0005414782790467143
1790756574030205822,pose,-0.02663644589483738,-0.8867446780204773,-0.8359909653663635,0.00052070920355618
1790756574149972320,pose,-0.027224043384194374,-0.8845764994621277,-0.8365309834480286,0.0004851592530030757
1790756574150329195,pose,-0.02765251323580742,-0.883355975151062,-0.8367217779159546,0.00047277717385441065
1790756574158604821,pose,-0.02808385156095028,-0.8820920586585999,-0.8369336128234863,0.0004607968730852008
1790756574250166684,pose,-0.028497211635112762,-0.880918025970459,-0.8371212482452393,0.00045064534060657024
1790756574250525745,pose,-0.02927938476204872,-0.8787762522697449,-0.8374605178833008,0.00043137744069099426
1790756574261942266,pose,-0.029663806781172752,-0.8777872323989868,-0.8376110196113586,0.00042062634020112455
1790756574350822326,pose,-0.030037453398108482,-0.8768408894538879,-0.837752103805542,0.0004052448202855885
1790756574355180941,pose,-0.03040144219994545,-0.8759312629699707,-0.8378855586051941,0.0003907410427927971
1790756574367342435,pose,-0.031103692948818207,-0.874204695224762,-0.8381419777870178,0.00035918879439122975
1790756574465945044,pose,-0.03144336864352226,-0.8733811974525452,-0.8382665514945984,0.0003430522920098156
1790756574481974463,pose,-0.03177618980407715,-0.8725809454917908,-0.8383870124816895,0.00032558885868638754
1790756574498662971,pose,-0.032405171543359756,-0.8710356950759888,-0.8386169672012329,0.0002935562515631318
1790756574518051239,pose,-0.0320231169462204,-0.870363175868988,-0.8380104899406433,0.0003237915807403624
1790756574623072583,pose,-0.03165299445390701,-0.869705319404602,-0.8374326825141907,0.0003505681816022843
1790756574646599350,pose,-0.0312940888106823,-0.8690614700317383,-0.8368708491325378,0.0003777986275963485
1790756574659165308,pose,-0.03094572387635708,-0.8684310913085938,-0.8363240957260132,0.0004048704286105931
1790756574749618966,pose,-0.0306073185056448,-0.867813766002655,-0.8357917070388794,0.00043160541099496186
1790756574758511499,pose,-0.030278369784355164,-0.8672088384628296,-0.8352732062339783,0.00045973967644385993
1790756574774891842,pose,-0.02966362051665783,-0.8660471439361572,-0.834276556968689,0.0005136250401847064
1790756574827254530,pose,-0.02937687747180462,-0.8654894828796387,-0.8338093161582947,0.0005125206662341952
1790756574846309747,pose,-0.028825674206018448,-0.8644071817398071,-0.8329108953475952,0.0005097583052702248
1790756574848092142,pose,-0.028560662642121315,-0.8638821244239807,-0.8324793577194214,0.0005078322719782591
1790756574975342255,pose,-0.028302352875471115,-0.86336749792099,-0.8320589661598206,0.0005063543794676661
1790756574984016611,pose,-0.028050387278199196,-0.8628630638122559,-0.8316493630409241,0.0005059787072241306
1790756574998298439,pose,-0.02780451811850071,-0.8623685836791992,-0.8312627077102661,0.0005045339930802584
1790756575012063635,pose,-0.027328023687005043,-0.8610979318618774,-0.8310586810112,0.0004991538007743657
1790756575094681289,pose,-0.02709651179611683,-0.860327959060669,-0.8312278389930725,0.0004938940401189029
1790756575107034980,pose,-0.02664780244231224,-0.858834981918335,-0.831556499004364,0.00048461704864166677
1790756575115704883,pose,-0.026430165395140648,-0.8581112623214722,-0.8317253589630127,0.00047927204286679626
1790756575215395912,pose,-0.02600771375000477,-0.8567076921463013,-0.8320538401603699,0.0004659799742512405
1790756575223213961,pose,-0.025802871212363243,-0.8560271859169006,-0.832213819026947,0.0004564342962112278
1790756575231206059,pose,-0.02560209110379219,-0.8553605079650879,-0.8323711156845093,0.0004462409415282309
1790756575301079367,pose,-0.025409076362848282,-0.854701817035675,-0.8325257897377014,0.0004358997684903443
1790756575313913371,pose,-0.025219807401299477,-0.8540562987327576,-0.832687497138977,0.00042824819684028625
1790756575328920015,pose,-0.025034300982952118,-0.8534235954284668,-0.8328463435173035,0.00042008919990621507
1790756575354041042,pose,-0.024852503091096878,-0.8528034687042236,-0.8330024480819702,0.0004120126541238278
1790756575469819954,pose,-0.024674365296959877,-0.8521956205368042,-0.8331559300422668,0.00040095270378515124
1790756575473840637,pose,-0.02449975162744522,-0.851599931716919,-0.8333069682121277,0.0003935060522053391
1790756575482896630,pose,-0.02383611537516117,-0.8516531586647034,-0.8341563940048218,0.0003835458483081311
1790756575591560557,pose,-0.023186346516013145,-0.8517056107521057,-0.8349865078926086,0.0003586709499359131
1790756575605997546,pose,-0.021927377209067345,-0.8518155813217163,-0.8366010785102844,0.0003087716759182513
1790756575612352848,pose,-0.021317489445209503,-0.8518732190132141,-0.8373813629150391,0.0002860241220332682
1790756575719643202,pose,-0.02071993239223957,-0.851930558681488,-0.838144063949585,0.00026249437360093
1790756575730641857,pose,-0.020134413614869118,-0.8519878387451172,-0.8388895988464355,0.0002402932004770264
1790756575738754308,pose,-0.0189981646835804,-0.8521024584770203,-0.840336263179779,0.00019208317098673433
1790756575747527713,pose,-0.01844685710966587,-0.8521597981452942,-0.8410378098487854,0.00016717136895749718
1790756575812177983,pose,-0.0179063118994236,-0.8522172570228577,-0.8417231440544128,0.00014078235835768282
1790756575819981831,pose,-0.01737639307975769,-0.8522750735282898,-0.84239262342453,0.00011682339390972629
1790756575832022405,pose,-0.0168568454682827,-0.8523333668708801,-0.8430465459823608,9.34468480409123e-05
1790756575894145767,pose,-0.016351209953427315,-0.8523873686790466,-0.8436851501464844,6.925283378222957e-05
1790756575906493857,pose,-0.015368953347206116,-0.8524973392486572,-0.8449296951293945,-1.3861444131180178e-05
1790756575914255905,pose,-0.01491077896207571,-0.8523129820823669,-0.8450637459754944,-7.504440873162821e-05
1790756576076097420,pose,-0.014120906591415405,-0.8521885275840759,-0.8450573682785034,-0.00018179499602410942
1790756576090316553,pose,-0.013739473186433315,-0.8521313667297363,-0.8450555801391602,-0.00022718499531038105
1790756576095751582,pose,-0.013366810977458954,-0.8520774245262146,-0.8450636863708496,-0.00026960051036439836
1790756576101317262,pose,-0.013002784922719002,-0.8520265817642212,-0.8450725078582764,-0.00031174084870144725
1790756576203994642,pose,-0.012264699675142765,-0.8519539833068848,-0.845091700553894,-0.00035040624788962305
1790756576220064510,pose,-0.011908059008419514,-0.8519216775894165,-0.8451018929481506,-0.000350768183125183
1790756576225379907,pose,-0.011559351347386837,-0.851891815662384,-0.8451124429702759,-0.0003500610764604062
1790756576299804696,pose,-0.01121849287301302,-0.8518643379211426,-0.8451234102249146,-0.0003489032096695155
1790756576322045795,pose,-0.01088540256023407,-0.8518391251564026,-0.8451444506645203,-0.00034632248571142554
1790756576327403700,pose,-0.010559769347310066,-0.8518160581588745,-0.8451651930809021,-0.0003445541369728744
1790756576430270703,pose,-0.010241325944662094,-0.8517950177192688,-0.8451858162879944,-0.00034173193853348494
1790756576438401848,pose,-0.009930051863193512,-0.8517758846282959,-0.8452062606811523,-0.0003387417527846992
1790756576450030667,pose,-0.00963411945849657,-0.8517524600028992,-0.8452264666557312,-0.0003351681225467473
1790756576457314062,pose,-0.0087497653439641,-0.8518752455711365,-0.8456019163131714,-0.00035159941762685776
1790756576511509374,pose,-0.00788726843893528,-0.851996898651123,-0.8459767699241638,-0.00037481595063582063
1790756576519711736,pose,-0.007046268787235022,-0.8521174788475037,-0.8463426828384399,-0.00039503155858255923
1790756576532037733,pose,-0.004850841127336025,-0.8522575497627258,-0.8474404215812683,-0.000441136333392933
1790756576589090810,pose,-0.003914284519851208,-0.8523722887039185,-0.8478667736053467,-0.00046358598046936095
1790756576604691573,pose,-0.0030351197347044945,-0.8524935245513916,-0.8482703566551208,-0.000481379684060812
1790756576608946449,pose,-0.0022079176269471645,-0.8526151180267334,-0.8486475348472595,-0.000489991158246994
1790756576769088537,pose,-0.0006780803669244051,-0.8528575301170349,-0.849340558052063,-0.0005033817142248154
1790756576780201998,pose,3.619602648541331e-05,-0.8529777526855469,-0.8496626019477844,-0.0005074662039987743
1790756576793602466,pose,0.000722366850823164,-0.8530972003936768,-0.8499715328216553,-0.0005124370218254626
1790756576890182298,pose,0.0013836801517754793,-0.853215754032135,-0.8502780795097351,-0.0005161311710253358
1790756576904391594,pose,0.0020227539353072643,-0.8533332943916321,-0.8505738973617554,-0.0005208674701862037
1790756576914860912,pose,0.0025749211199581623,-0.8535186052322388,-0.8509401679039001,-0.0005268887034617364
1790756576927835710,pose,0.0036193716805428267,-0.8538849353790283,-0.8516421318054199,-0.0005398666835390031
1790756576999630469,pose,0.0041207121685147285,-0.854064404964447,-0.8519790768623352,-0.0005493508651852608
1790756577010538962,pose,0.004609226249158382,-0.8542415499687195,-0.8523156046867371,-0.0005582235753536224
1790756577021070077,pose,0.005085592158138752,-0.8544163703918457,-0.8526439666748047,-0.0005653491243720055
1790756577110836802,pose,0.005550569389015436,-0.8545887470245361,-0.8529646396636963,-0.0005734771839343011
1790756577116104367,pose,0.0060046822763979435,-0.8547588586807251,-0.8532779216766357,-0.0005827994900755584
1790756577132001729,pose,0.007052916567772627,-0.8550934195518494,-0.8540394902229309,-0.0005984050803817809
1790756577213206279,pose,0.007602124474942684,-0.8552602529525757,-0.8544484376907349,-0.0006039590225555003
1790756577231334902,pose,0.008633478544652462,-0.855587363243103,-0.8552129864692688,-0.0006141870399005711
1790756577238597104,pose,0.008941111154854298,-0.8552539348602295,-0.8558449745178223,-0.0006188837578520179
1790756577332179394,pose,0.009222008287906647,-0.8549501299858093,-0.8564300537109375,-0.0006256826454773545
1790756577346513326,pose,0.009481124579906464,-0.8546704649925232,-0.8569849729537964,-0.0006311425240710378
1790756577357305531,pose,0.009954296983778477,-0.8541702628135681,-0.8580041527748108,-0.0006430786452256143
1790756577368311232,pose,0.010173158720135689,-0.8539437055587769,-0.8584771752357483,-0.0006344055873341858
1790756577462070776,pose,0.010380654595792294,-0.8537288904190063,-0.8589301705360413,-0.0006250785663723946
1790756577468249951,pose,0.010578099638223648,-0.8535243272781372,-0.8593655228614807,-0.0006152117857709527
1790756577478002688,pose,0.010766641236841679,-0.8533287644386292,-0.8597934246063232,-0.0006045277114026248
1790756577575616261,pose,0.010947085916996002,-0.8531412482261658,-0.8602070808410645,-0.0005943832220509648
1790756577588608302,pose,0.011286064051091671,-0.8527875542640686,-0.8609960675239563,-0.0005739734042435884
1790756577599164080,pose,0.011505824513733387,-0.8525912165641785,-0.8614444732666016,-0.0005625646444968879
1790756577707754750,pose,0.011660181917250156,-0.8524276614189148,-0.8618100881576538,-0.0005492254858836532
1790756577715346068,pose,0.011808888055384159,-0.8522692918777466,-0.8621742129325867,-0.0005462616682052612
1790756577728315389,pose,0.012391122058033943,-0.8520049452781677,-0.862568736076355,-0.0005393921746872365
1790756577736066939,pose,0.012817230075597763,-0.8518977165222168,-0.8626074194908142,-0.0005367356934584677
1790756577798816301,pose,0.013231047429144382,-0.8517937660217285,-0.8626444935798645,-0.0005348678096197546
1790756577807204227,pose,0.013633073307573795,-0.8516929745674133,-0.8626800179481506,-0.0005323986406438053
1790756577818958502,pose,0.014403343200683594,-0.8515003323554993,-0.8627662062644958,-0.0005253443378023803
1790756577932243980,pose,0.01476941630244255,-0.8514103293418884,-0.8628069162368774,-0.0005224053165875375
1790756577937919385,pose,0.015125183388590813,-0.8513230085372925,-0.8628463745117188,-0.0005242756451480091
1790756577946777655,pose,0.01547106634825468,-0.851238489151001,-0.8628845810890198,-0.0005262366030365229
1790756578034981358,pose,0.015807397663593292,-0.8511565327644348,-0.8629212975502014,-0.0005273785791359842
1790756578056293092,pose,0.01645284704864025,-0.851000189781189,-0.8630009293556213,-0.000531706609763205
1790756578059813078,pose,0.016762657091021538,-0.8509255647659302,-0.8630433678627014,-0.0005336307804100215
1790756578070045358,pose,0.01706423982977867,-0.8508531451225281,-0.8630839586257935,-0.0005376265617087483
1790756578164765131,pose,0.018054353073239326,-0.8503876328468323,-0.8631470799446106,-0.0005398897919803858
1790756578165349634,pose,0.01870063506066799,-0.8500238656997681,-0.8631737232208252,-0.0005675171851180494
1790756578178607291,pose,0.019305817782878876,-0.8496859669685364,-0.8631921410560608,-0.000592568889260292
1790756578266617384,pose,0.019876891747117043,-0.8493692874908447,-0.8632040619850159,-0.0006179846241138875
1790756578281968651,pose,0.02093668468296528,-0.8487871289253235,-0.8632137775421143,-0.0006705065607093275
1790756578287319921,pose,0.021432911977171898,-0.8485170006752014,-0.8632133603096008,-0.0006952594267204404
1790756578357619768,pose,0.021910367533564568,-0.8482584357261658,-0.8632212281227112,-0.0007189680472947657
1790756578373943093,pose,0.022356225177645683,-0.8480152487754822,-0.863226592540741,-0.0007425901712849736
1790756578385212911,pose,0.022787179797887802,-0.8477810621261597,-0.8632296323776245,-0.0007889800472185016
1790756578385721643,pose,0.02320454828441143,-0.8475551009178162,-0.8632310628890991,-0.0008313701255246997
1790756578496760316,pose,0.023609383031725883,-0.8473366498947144,-0.8632311224937439,-0.0008727285894565284
1790756578509865676,pose,0.024002477526664734,-0.8471251130104065,-0.8632298707962036,-0.0009118461166508496
1790756578513835977,pose,0.02475617080926895,-0.8467211127281189,-0.863246738910675,-0.0009868306806311011
1790756578607819372,pose,0.025711946189403534,-0.8462427258491516,-0.8631404042243958,-0.0010235912632197142
1790756578621829263,pose,0.027551304548978806,-0.8453294038772583,-0.8629348278045654,-0.0010893488069996238
1790756578626194844,pose,0.028436893597245216,-0.8448933362960815,-0.8628354072570801,-0.0011177518172189593
1790756578712230848,pose,0.029301077127456665,-0.8444681167602539,-0.8627380728721619,-0.0011449767043814063
1790756578723032502,pose,0.030144531279802322,-0.8440533876419067,-0.8626553416252136,-0.0011729755206033587
1790756578729955119,pose,0.030967943370342255,-0.8436486721038818,-0.8625743985176086,-0.0012031728401780128
1790756578747554825,pose,0.031772028654813766,-0.8432536721229553,-0.8624951243400574,-0.0012293843319639564
1790756578842019621,pose,0.033324453979730606,-0.8424913287162781,-0.8623418807983398,-0.0012769282329827547
1790756578845211705,pose,0.034073978662490845,-0.8421234488487244,-0.8622678518295288,-0.0012962671462446451
1790756578866110136,pose,0.03480781987309456,-0.8417608141899109,-0.8622077107429504,-0.0013135647168383002
1790756578939455991,pose,0.03561005741357803,-0.841357946395874,-0.8621580600738525,-0.001331845996901393
1790756578957908465,pose,0.036374565213918686,-0.8409754037857056,-0.8621073961257935,-0.0013489926932379603
1790756578958977919,pose,0.03710675984621048,-0.8406100869178772,-0.8620561957359314,-0.0013647560263052583
1790756579061894417,pose,0.03691956400871277,-0.8400552868843079,-0.8625391125679016,-0.0013782541500404477
1790756579071028530,pose,0.03673914819955826,-0.8395211100578308,-0.8630024194717407,-0.0013863235944882035
1790756579090631506,pose,0.03639687970280647,-0.8385054469108582,-0.8638979196548462,-0.001396909006871283
1790756579182729721,pose,0.036234330385923386,-0.8380206823348999,-0.8643226027488708,-0.001400787616148591
1790756579199455000,pose,0.03606289252638817,-0.8375729322433472,-0.8647337555885315,-0.0014047528384253383
1790756579206284951,pose,0.03589671105146408,-0.8371379375457764,-0.865132212638855,-0.0014413122553378344
1790756579215067685,pose,0.035735391080379486,-0.8367148041725159,-0.8655188679695129,-0.0014785713283345103
1790756579306072713,pose,0.03557867929339409,-0.8363028764724731,-0.8659043312072754,-0.0015127602964639664
1790756579315106730,pose,0.035424042493104935,-0.8358484506607056,-0.8663318157196045,-0.0015451312065124512
1790756579321247027,pose,0.0352739542722702,-0.8354176878929138,-0.866735577583313,-0.0015765049029141665
1790756579408052209,pose,0.035103172063827515,-0.8345326781272888,-0.8675447106361389,-0.0015711796004325151
1790756579414451381,pose,0.034964729100465775,-0.8341547846794128,-0.8678950667381287,-0.0016337824054062366
1790756579426194597,pose,0.03480784595012665,-0.8337976932525635,-0.8682419657707214,-0.0016782250022515655
1790756579495708018,pose,0.034334663301706314,-0.8330923318862915,-0.8703426122665405,-0.0017834502505138516
1790756579516562992,pose,0.03410625830292702,-0.8327545523643494,-0.8713437914848328,-0.0018247263506054878
1790756579517180993,pose,0.03388294577598572,-0.8324257731437683,-0.8723152875900269,-0.0018618841422721744
1790756579627314809,pose,0.03366437554359436,-0.8321054577827454,-0.8732587695121765,-0.001894633867777884
1790756579645976193,pose,0.03324069827795029,-0.8314882516860962,-0.8750799298286438,-0.0019517362816259265
1790756579650835110,pose,0.03305955231189728,-0.8311776518821716,-0.8759536147117615,-0.0019805273041129112
1790756579660957486,pose,0.03288228437304497,-0.8308740854263306,-0.8768041729927063,-0.001969296485185623
1790756579739909021,pose,0.03270881995558739,-0.8305773138999939,-0.8776325583457947,-0.0019575569313019514
1790756579747653875,pose,0.03253910690546036,-0.830286979675293,-0.8784395456314087,-0.0019443350611254573
1790756579759797521,pose,0.03240309655666351,-0.829973042011261,-0.8792591094970703,-0.0019057373283430934
1790756579816108574,pose,0.032081980258226395,-0.829424262046814,-0.8807846307754517,-0.0018804363207891583
1790756579847175015,pose,0.03177468851208687,-0.8288989663124084,-0.8822329044342041,-0.0018446205649524927
1790756579925998534,det,-0.040779776099468174,0.0283997168826283,0.971092352898322,0
1790756579959883474,pose,0.03132123127579689,-0.8288860321044922,-0.8839600086212158,-0.001823873957619071
1790756579970897365,pose,0.03097502514719963,-0.8288018107414246,-0.8856216073036194,-0.0017517318483442068
1790756579982626850,pose,0.030568672344088554,-0.8288151621818542,-0.8870720863342285,-0.0017225996125489473
1790756580031924329,det,-0.04039440031437399,0.024255789520554995,0.9626454598388862,0
1790756580087752620,pose,0.03018145263195038,-0.8288364410400391,-0.8883953094482422,-0.0016910595586523414
1790756580090356520,pose,0.029810983687639236,-0.8288639783859253,-0.889586329460144,-0.0016562172677367926
1790756580096227788,pose,0.02945532463490963,-0.8288963437080383,-0.8906420469284058,-0.0016184300184249878
1790756580108186588,pose,0.029112888500094414,-0.8289326429367065,-0.8915654420852661,-0.0015790392644703388
1790756580168689275,pose,0.028782200068235397,-0.8289722800254822,-0.8923523426055908,-0.0015395096270367503
1790756580180385852,pose,0.02845393493771553,-0.8290213942527771,-0.8930041193962097,-0.0014983685687184334
1790756580189048550,pose,0.02813565731048584,-0.8290731310844421,-0.8935232162475586,-0.0014574570814147592
1790756580259154640,pose,0.027525702491402626,-0.8291836380958557,-0.8941754698753357,-0.0013729321071878076
1790756580289944442,pose,0.026757454499602318,-0.8291900157928467,-0.8955225348472595,-0.0012405958259478211
1790756580292129593,pose,0.026573091745376587,-0.8290899395942688,-0.8965064287185669,-0.001196066034026444
1790756580318124361,det,-0.040200252138088775,0.02180622100197108,0.9591564119637028,0
1790756580401264186,det,-0.04010270592376662,0.020297149800434552,0.9583770477722124,0
1790756580445686187,pose,0.02639453485608101,-0.8289955258369446,-0.8973198533058167,-0.0011503746500238776
1790756580462513095,pose,0.02622024342417717,-0.8289113640785217,-0.8979780077934265,-0.0011042385594919324
1790756580465460782,pose,0.02604525163769722,-0.828812837600708,-0.898684561252594,-0.0010582393733784556
1790756580478830834,det,-0.04023423274982946,0.01919767025447116,0.9588010537922605,0
1790756580535751822,det,-0.04026423249098124,0.01852309303818453,0.958939927654236,0
1790756580580487226,pose,0.025874674320220947,-0.8287292122840881,-0.8992094993591309,-0.0010114563629031181
1790756580589634061,pose,0.025537380948662758,-0.8284655809402466,-0.9008036255836487,-0.0009155209991149604
1790756580599398334,pose,0.02537255361676216,-0.828377902507782,-0.9012005925178528,-0.0008678021258674562
1790756580614167940,pose,0.025178993120789528,-0.8283122181892395,-0.9013895988464355,-0.000819231616333127
1790756580678265528,det,-0.04029097575972469,0.01808337126397482,0.9588148474095947,0
1790756580695161635,pose,0.024990607053041458,-0.8282628655433655,-0.9014006853103638,-0.0007981762173585594
1790756580730076925,pose,0.02462826296687126,-0.8282018899917603,-0.9009789824485779,-0.0007569303852505982
1790756580765966394,det,-0.04043991821517319,0.017644552419350718,0.9577539906124876,0
1790756580826197987,pose,0.024584215134382248,-0.8276253342628479,-0.9005818963050842,-0.0007411445258185267
1790756580834352334,pose,0.02454032562673092,-0.8270791172981262,-0.9000760316848755,-0.0007147854194045067
1790756580841612673,pose,0.024496836587786674,-0.8265594840049744,-0.8994685411453247,-0.0006885157781653106
1790756580854097441,pose,0.02445392869412899,-0.8260636329650879,-0.8987681865692139,-0.0006619556806981564
1790756580916704401,pose,0.024411752820014954,-0.8255891799926758,-0.897980809211731,-0.0006366400048136711
1790756580941953372,pose,0.024271687492728233,-0.8243008255958557,-0.8951457738876343,-0.000584783498197794
1790756580968525557,det,-0.04041116234903385,0.01723581960670458,0.9554215736757622,0
1790756581058086209,pose,0.024227237328886986,-0.8239037394523621,-0.894054651260376,-0.0005729360273107886
1790756581067358103,pose,0.024183906614780426,-0.8235211372375488,-0.8928970694541931,-0.0005610290099866688
1790756581076205767,pose,0.024141710251569748,-0.8231523633003235,-0.8916763663291931,-0.0005481557454913855
1790756581099596461,pose,0.024100804701447487,-0.8227967619895935,-0.8903955817222595,-0.0005407085409387946
1790756581196031501,pose,0.024061234667897224,-0.8224537968635559,-0.8890570998191833,-0.0005319993942975998
1790756581204402147,pose,0.024022893980145454,-0.8221229314804077,-0.8876631855964661,-0.0005260565667413175
1790756581214357036,pose,0.023985696956515312,-0.8218036890029907,-0.8862149715423584,-0.000518901739269495
1790756581328913960,pose,0.02395014837384224,-0.8214936852455139,-0.88471519947052,-0.0005115848616696894
1790756581337010763,pose,0.02344191074371338,-0.8209076523780823,-0.8829207420349121,-0.000509300094563514
1790756581352224981,pose,0.022944245487451553,-0.8203394412994385,-0.8810834288597107,-0.0005105551099404693
1790756581419275105,pose,0.021848158910870552,-0.8189838528633118,-0.8775826692581177,-0.0005142826121300459
1790756581431813856,pose,0.021338049322366714,-0.818381130695343,-0.8757162094116211,-0.0005164826870895922
1790756581434937623,pose,0.020848404616117477,-0.8178175687789917,-0.8737857341766357,-0.0005203031469136477
1790756581513265413,pose,0.02036638744175434,-0.8172779083251953,-0.8717982172966003,-0.0005238369922153652
1790756581519922212,pose,0.019900064915418625,-0.8167672753334045,-0.8697595596313477,-0.0005279119359329343
1790756581542172612,pose,0.01900707371532917,-0.8158192038536072,-0.8655475974082947,-0.0005377082270570099
1790756581546510622,pose,0.018577758222818375,-0.8153765201568604,-0.8633823990821838,-0.0005456460057757795
1790756581689954032,pose,0.01815853826701641,-0.8149521350860596,-0.8611806035041809,-0.0005505434237420559
1790756581694851701,pose,0.0177486389875412,-0.8145445585250854,-0.8589445948600769,-0.000556094222702086
1790756581701738615,pose,0.017318671569228172,-0.814091145992279,-0.8567455410957336,-0.0005699184839613736
1790756581720492108,pose,0.016712002456188202,-0.8137875199317932,-0.854407012462616,-0.000580178399104625
1790756581830913355,pose,0.0160843376070261,-0.8134546279907227,-0.852094292640686,-0.0005428569274954498
1790756581840263017,pose,0.014914977364242077,-0.8128774166107178,-0.8473236560821533,-0.0004708592314273119
1790756581847636673,pose,0.01436522975564003,-0.8126233220100403,-0.844877302646637,-0.00043424268369562924
1790756581910816902,pose,0.013834726065397263,-0.8123875856399536,-0.8423957228660583,-0.0003983544884249568
1790756581930198190,pose,0.01332123763859272,-0.8121679425239563,-0.8398818373680115,-0.00036075813113711774
1790756581934632353,pose,0.012822954915463924,-0.8119624853134155,-0.8373398780822754,-0.0003231542941648513
1790756582074563728,pose,0.012338549830019474,-0.8117697238922119,-0.8347707986831665,-0.00028503421344794333
1790756582075396371,pose,0.011401495896279812,-0.8114250898361206,-0.8295578360557556,-0.00021217048924881965
1790756582085405302,pose,0.01095002144575119,-0.8112671971321106,-0.8269168734550476,-0.00017870853480417281
1790756582168000854,pose,0.010077916085720062,-0.810977041721344,-0.8215728402137756,-0.00011015102791134268
1790756582176372210,pose,0.009656177833676338,-0.810843825340271,-0.8188707828521729,-7.469543197657913e-05
1790756582187732279,pose,0.008858242072165012,-0.8111441135406494,-0.8157864212989807,-4.0308848838321865e-05
1790756582257031748,pose,0.008078941144049168,-0.8114421963691711,-0.8126938343048096,-7.122068836906692e-06
1790756582266541133,pose,0.00631364481523633,-0.8120526075363159,-0.8065781593322754,3.9708564145257697e-05
1790756582274346858,pose,0.0054988800548017025,-0.8123539686203003,-0.8036134243011475,5.169980795471929e-05
1790756582284714699,pose,0.004720257595181465,-0.8126529455184937,-0.8007587194442749,6.416953692678362e-05
1790756582355042793,pose,0.003972917795181274,-0.8129497170448303,-0.7980318665504456,7.74365253164433e-05
1790756582355889128,pose,0.0032529609743505716,-0.8132445216178894,-0.795441746711731,8.909519237931818e-05
1790756582365931740,pose,0.002557271160185337,-0.8135373592376709,-0.7929913997650146,0.00010175254283240065
1790756582524002153,pose,0.0012292783940210938,-0.8141173124313354,-0.7885093688964844,0.00012472829257603735
1790756582534712343,pose,-2.0391191355884075e-05,-0.8147047758102417,-0.7845609188079834,0.00014448542788159102
1790756582543207861,pose,-0.0006210530991666019,-0.8149954676628113,-0.7827728390693665,0.00015423420700244606
1790756582548950959,pose,-0.0012067685602232814,-0.8152841329574585,-0.7811009287834167,0.00016402742767240852
1790756582646635779,pose,-0.0018048296915367246,-0.8155148029327393,-0.7791454792022705,0.0001734745455905795
1790756582672114867,pose,-0.002388847293332219,-0.8157433867454529,-0.7773104310035706,0.00017999899864662439
1790756582759394812,pose,-0.0029592986684292555,-0.8159698247909546,-0.7755832076072693,0.0001865856465883553
1790756582767047538,pose,-0.0035166023299098015,-0.8161938786506653,-0.773957371711731,0.00019184130360372365
1790756582775723433,pose,-0.004581117071211338,-0.8166382908821106,-0.7709848880767822,0.00019985862309113145
1790756582783798982,pose,-0.005089262500405312,-0.8168582916259766,-0.7696272730827332,0.0002217878500232473
1790756582855381726,pose,-0.005585931707173586,-0.8170754909515381,-0.7683542966842651,0.00024195114383473992
1790756582878468671,pose,-0.006071357987821102,-0.8172898292541504,-0.7671553492546082,0.0002616690471768379
1790756582887234263,pose,-0.007009613327682018,-0.8177093863487244,-0.7649606466293335,0.0003023940371349454
1790756582996732890,pose,-0.007462704554200172,-0.8179143667221069,-0.7639564871788025,0.0003217922931071371
1790756583011162590,pose,-0.007905538193881512,-0.8181161284446716,-0.7630091905593872,0.0003403084119781852
1790756583034056782,pose,-0.008338330313563347,-0.8183144330978394,-0.7621148824691772,0.0003580717893783003
1790756583038645170,pose,-0.009076319634914398,-0.8186813592910767,-0.7608813643455505,0.0003931818064302206
1790756583128586558,pose,-0.009384972043335438,-0.8188512921333313,-0.7605183720588684,0.00039019144605845213
1790756583138148337,pose,-0.009687286801636219,-0.8190191388130188,-0.7601855397224426,0.00038631356437690556
1790756583153391203,pose,-0.009983373805880547,-0.8191847801208496,-0.7598803639411926,0.0003823488368652761
1790756583218004269,pose,-0.010557126253843307,-0.8195093870162964,-0.7593485713005066,0.0003727732691913843
1790756583226688054,pose,-0.010834992863237858,-0.8196684122085571,-0.7591180205345154,0.00036707139224745333
1790756583234521279,pose,-0.011106900870800018,-0.819825291633606,-0.7589071393013,0.00036108875065110624
1790756583305908325,pose,-0.01137304212898016,-0.8199799656867981,-0.7587141990661621,0.00035597060923464596
1790756583324028452,pose,-0.011910119093954563,-0.8203350305557251,-0.7582278847694397,0.0003567877574823797
1790756583328236898,pose,-0.012147818692028522,-0.8204784989356995,-0.7580987811088562,0.00036331996670924127
1790756583337264804,pose,-0.01238027773797512,-0.820620059967041,-0.7579809427261353,0.000367072963854298
1790756583479333979,pose,-0.012607495300471783,-0.8207598328590393,-0.7578732371330261,0.0003700692323036492
1790756583480927883,pose,-0.01282957661896944,-0.8208978772163391,-0.7577744722366333,0.0003724306880030781
1790756583494919522,pose,-0.013046608306467533,-0.8210340738296509,-0.7576838731765747,0.00037473245174624026
1790756583606037111,pose,-0.013258703984320164,-0.8211685419082642,-0.7576006054878235,0.000376667536329478
1790756583606560139,pose,-0.013661671429872513,-0.8208373785018921,-0.7574295401573181,0.00037735403748229146
1790756583617641581,pose,-0.014427071437239647,-0.8202186226844788,-0.757113516330719,0.00039368707803077996
1790756583714320810,pose,-0.014831163920462132,-0.8199748992919922,-0.756919264793396,0.0004029345291201025
1790756583729892400,pose,-0.01518893614411354,-0.8196903467178345,-0.7567858695983887,0.00041740917367860675
1790756583742052901,pose,-0.015537637285888195,-0.8194155693054199,-0.7566590309143066,0.00043145311065018177
1790756583834033211,pose,-0.01620834693312645,-0.8188942670822144,-0.7564284801483154,0.0004559145600069314
1790756583841273141,pose,-0.016530781984329224,-0.8186469078063965,-0.7563235759735107,0.00046617756015621126
1790756583854615232,pose,-0.01682185009121895,-0.8184319734573364,-0.756223201751709,0.0004766272031702101
1790756583959551967,pose,-0.017104975879192352,-0.8182252049446106,-0.7561270594596863,0.0005272201378829777
1790756583970113865,pose,-0.017740920186042786,-0.81769198179245,-0.756024181842804,0.0006305271526798606
1790756583975327254,pose,-0.018030641600489616,-0.8174644708633423,-0.7559677362442017,0.0006823387811891735
1790756583983156398,pose,-0.017817305400967598,-0.8171642422676086,-0.7561646103858948,0.0007322271121665835
1790756584083362218,pose,-0.01761220209300518,-0.8168845772743225,-0.7563475370407104,0.000787504599429667
1790756584095167574,pose,-0.01741405762732029,-0.8166225552558899,-0.7565189599990845,0.0008402402745559812
1790756584107141042,pose,-0.017024485394358635,-0.8161356449127197,-0.7568392157554626,0.0009568814421072602
1790756584209484715,pose,-0.016836753115057945,-0.815910816192627,-0.7569906711578369,0.0010216124355793
1790756584222060875,pose,-0.016652919352054596,-0.8156967759132385,-0.7571359872817993,0.0010877079330384731
1790756584225260437,pose,-0.016472533345222473,-0.815492570400238,-0.7572757005691528,0.0011514456709846854
1790756584239783951,pose,-0.016259340569376945,-0.8152149319648743,-0.7574915289878845,0.0012129682581871748
1790756584342710433,pose,-0.01605764776468277,-0.8149673938751221,-0.7576873302459717,0.0012788594467565417
1790756584349723076,pose,-0.01565786451101303,-0.8145345449447632,-0.7580204010009766,0.0014088823227211833
1790756584358469282,pose,-0.015457486733794212,-0.8143415451049805,-0.7581652402877808,0.001478722202591598
1790756584459191628,pose,-0.015319171361625195,-0.8134939074516296,-0.7583836913108826,0.001613172353245318
1790756584461676523,pose,-0.015370839275419712,-0.8128518462181091,-0.7584618926048279,0.0016835709102451801
1790756584475261936,pose,-0.01541829388588667,-0.8122332692146301,-0.7585404515266418,0.0017510351026430726
1790756584567375026,pose,-0.015461759641766548,-0.8116357326507568,-0.7586143612861633,0.0018263577949255705
1790756584581975114,pose,-0.015501437708735466,-0.8110572695732117,-0.7586840391159058,0.0018957586726173759
1790756584584257699,pose,-0.01553749106824398,-0.8104962706565857,-0.7587500810623169,0.00196165032684803
1790756584684052406,pose,-0.015611205250024796,-0.8094359040260315,-0.7588725090026855,0.0020707298535853624
1790756584694502138,pose,-0.015643218532204628,-0.8089274168014526,-0.7589347958564758,0.0021154836285859346
1790756584706424045,pose,-0.015672331675887108,-0.8084321022033691,-0.7589945197105408,0.0021572853438556194
1790756584713801802,pose,-0.015698647126555443,-0.807949423789978,-0.7590519785881042,0.002194801112636924
1790756584803563153,pose,-0.015722203999757767,-0.8074787855148315,-0.7591072916984558,0.00223011476919055
1790756584812744478,pose,-0.015761787071824074,-0.8065717816352844,-0.7592119574546814,0.002296640072017908
1790756584825686493,pose,-0.01577822118997574,-0.8061345219612122,-0.7592666745185852,0.002325549954548478
1790756584889841057,pose,-0.01579214818775654,-0.8057070374488831,-0.759319543838501,0.0023515343200415373
1790756584904774231,pose,-0.01589222438633442,-0.8050995469093323,-0.759676992893219,0.002386347157880664
1790756584913226859,pose,-0.016078541055321693,-0.8039243221282959,-0.7603636980056763,0.0024531048256903887
1790756584921888476,pose,-0.01616523042321205,-0.8033556938171387,-0.7606934905052185,0.00248193321749568
1790756584984333273,pose,-0.016247732564806938,-0.8027992248535156,-0.761018693447113,0.0025083408690989017
1790756585002125041,pose,-0.016419509425759315,-0.8015938997268677,-0.7617377042770386,0.002557730535045266
1790756585006475254,pose,-0.016505418345332146,-0.8010259866714478,-0.7620673775672913,0.002577836625277996
1790756585171927494,pose,-0.016585635021328926,-0.8004801273345947,-0.7623809576034546,0.0025807921774685383
1790756585178455738,pose,-0.01666078343987465,-0.7999535202980042,-0.7626804709434509,0.0025805942714214325
1790756585193040773,pose,-0.0167976226657629,-0.7989500164985657,-0.7632524967193604,0.0025683268904685974
1790756585326559678,pose,-0.016859937459230423,-0.7984700202941895,-0.7635230422019958,0.0025605217088013887
1790756585335091011,pose,-0.016918476670980453,-0.7980029582977295,-0.7637842893600464,0.0025504594668745995
1790756585342132434,pose,-0.016973473131656647,-0.7975477576255798,-0.764037013053894,0.002537917112931609
1790756585452673263,pose,-0.016652463003993034,-0.796560525894165,-0.7641865611076355,0.0025250648614019156
1790756585455315543,pose,-0.01602875255048275,-0.7946581840515137,-0.7644804120063782,0.0024697582703083754
1790756585466556168,pose,-0.015725359320640564,-0.7937408685684204,-0.7646195292472839,0.002439986914396286
1790756585475079413,pose,-0.015427246689796448,-0.7928445339202881,-0.7647538185119629,0.0024067689664661884
1790756585555762560,pose,-0.015134223736822605,-0.791968584060669,-0.7648832201957703,0.0023731293622404337
1790756585564710057,pose,-0.014562999829649925,-0.7902755737304688,-0.7651281952857971,0.0023023877292871475
1790756585572765211,pose,-0.014284291304647923,-0.7894572615623474,-0.7652503848075867,0.002262928755953908
1790756585632360086,pose,-0.014009921811521053,-0.7886569499969482,-0.7653683423995972,0.002220443682745099
1790756585654009041,pose,-0.013747639022767544,-0.7878654599189758,-0.7654820680618286,0.0021757332142442465
1790756585654454012,pose,-0.013489401899278164,-0.7870911359786987,-0.7655918002128601,0.0021273409947752953
1790756585780008886,pose,-0.013235206715762615,-0.7863335013389587,-0.765697717666626,0.002078304998576641
1790756585783781237,pose,-0.012984808534383774,-0.7855921983718872,-0.7658000588417053,0.002026142319664359
1790756585798327069,pose,-0.01249444205313921,-0.7841567397117615,-0.766006588935852,0.001918451627716422
1790756585810233121,pose,-0.012672429904341698,-0.7837486267089844,-0.7662445902824402,0.001864506513811648
1790756585892125250,pose,-0.01284501887857914,-0.7833496928215027,-0.7664756178855896,0.0018020090647041798
1790756585898090044,pose,-0.013012292794883251,-0.7829599380493164,-0.7666997313499451,0.0017410705331712961
1790756585908735409,pose,-0.013174459338188171,-0.7825789451599121,-0.7669169306755066,0.001678911386989057
1790756586008369962,pose,-0.013494782149791718,-0.7818386554718018,-0.7673418521881104,0.0015668993582949042
1790756586014851320,pose,-0.013647947460412979,-0.7814812660217285,-0.7675449252128601,0.0015191369457170367
1790756586018446924,pose,-0.013796775601804256,-0.7811322808265686,-0.767741858959198,0.001471713068895042
1790756586099316342,pose,-0.013941594399511814,-0.7807915806770325,-0.7679327726364136,0.001422491273842752
1790756586118797072,pose,-0.014219541102647781,-0.7801342010498047,-0.7683022022247314,0.0013256082311272621
1790756586133954111,pose,-0.01435292698442936,-0.779817521572113,-0.7684809565544128,0.001277279225178063
1790756586146301817,pose,-0.014448538422584534,-0.7794546484947205,-0.7686718702316284,0.001190424314700067
1790756586234310699,pose,-0.014577885158360004,-0.7791544198989868,-0.7688391208648682,0.0011415686458349228
1790756586244535052,pose,-0.015258407220244408,-0.7788287401199341,-0.7697131633758545,0.0010505407117307186
1790756586255191018,pose,-0.015787940472364426,-0.7788020968437195,-0.7703909873962402,0.0010040553752332926
1790756586369569599,pose,-0.016295887529850006,-0.778780460357666,-0.7710362672805786,0.0009584816871210933
1790756586386716599,pose,-0.016784917563199997,-0.7787631750106812,-0.7716531157493591,0.0009144467767328024
1790756586393512245,pose,-0.01771451160311699,-0.7787388563156128,-0.7728145122528076,0.0008282027556560934
1790756586489977189,pose,-0.018158288672566414,-0.7787309288978577,-0.7733637690544128,0.0007878965698182583
1790756586498807696,pose,-0.018564872443675995,-0.7787229418754578,-0.7738974094390869,0.0007466877577826381
1790756586514522057,pose,-0.01896018534898758,-0.7787171006202698,-0.7744137644767761,0.0007179129752330482
1790756586591886053,pose,-0.01971953734755516,-0.7787113785743713,-0.7753995656967163,0.0006642618682235479
1790756586603312638,pose,-0.02008482813835144,-0.7787111401557922,-0.7758705615997314,0.0006396716344170272
1790756586608399053,pose,-0.020440993830561638,-0.7787124514579773,-0.7763280272483826,0.0006134213181212544
1790756586738251698,pose,-0.020788365975022316,-0.7787153720855713,-0.7767724990844727,0.0005893294000998139
1790756586746620383,pose,-0.02149944193661213,-0.7781975269317627,-0.7784584164619446,0.0005441764951683581
1790756586754769171,pose,-0.021951576694846153,-0.7775370478630066,-0.7799712419509888,0.0005284725921228528
1790756586763169068,pose,-0.022373201325535774,-0.7769264578819275,-0.7813764810562134,0.0005204560584388673
1790756586833959816,pose,-0.023144543170928955,-0.775819718837738,-0.7839354276657104,0.0005065379082225263
1790756586841993771,pose,-0.02350129559636116,-0.7753109335899353,-0.7851147055625916,0.0004994687624275684
1790756586849870866,pose,-0.023842178285121918,-0.7748255729675293,-0.7862395644187927,0.0004920359351672232
1790756586850196158,pose,-0.024169087409973145,-0.7743604779243469,-0.7873165607452393,0.0004859794571530074
1790756586970677209,pose,-0.02448355220258236,-0.7739129662513733,-0.7883510589599609,0.0004805477219633758
1790756586974979273,pose,-0.024786733090877533,-0.773481011390686,-0.7893471121788025,0.00047460655332542956
1790756586989936930,pose,-0.025418449193239212,-0.7726758122444153,-0.7912372946739197,0.0004526576667558402
1790756587074940308,pose,-0.025720050558447838,-0.7722907066345215,-0.7921363711357117,0.00043509897659532726
1790756587089037994,pose,-0.026012809947133064,-0.7719159126281738,-0.7930073738098145,0.0004159902164246887
1790756587098886527,pose,-0.02659011073410511,-0.7712516188621521,-0.7948163151741028,0.000382574915420264
1790756587167646378,pose,-0.02687457762658596,-0.770958662033081,-0.795754611492157,0.0003660477523226291
1790756587176490200,pose,-0.027150718495249748,-0.7706714272499084,-0.7966676950454712,0.00035107892472296953
1790756587190967507,pose,-0.027418818324804306,-0.7703897356987,-0.7975566387176514,0.00033517202246002853
1790756587259895475,pose,-0.027953024953603745,-0.7698462605476379,-0.7992655038833618,0.0002928968460764736
1790756587278170878,pose,-0.028208881616592407,-0.7695819139480591,-0.8000865578651428,0.0002657151489984244
1790756587285594079,pose,-0.02845751866698265,-0.7693223357200623,-0.8008859157562256,0.00023856038751546293
1790756587430632950,pose,-0.028699230402708054,-0.7690674066543579,-0.8016641139984131,0.0002116549148922786
1790756587441826491,pose,-0.028934260830283165,-0.7688168883323669,-0.8024214506149292,0.00018561878823675215
1790756587448769052,pose,-0.029162690043449402,-0.7685708403587341,-0.8031586408615112,0.0001596992224222049
1790756587456857187,pose,-0.029384758323431015,-0.7683292627334595,-0.8038761019706726,0.00013209789176471531
1790756587542243099,pose,-0.02960059605538845,-0.7680917978286743,-0.8045744299888611,0.00010601763642625883
1790756587545886998,pose,-0.029810434207320213,-0.7678583264350891,-0.8052541017532349,7.986908894963562e-05
1790756587560198126,pose,-0.030018160119652748,-0.767626941204071,-0.8059156537055969,5.317123941495083e-05
1790756587656247789,pose,-0.03069586120545864,-0.767418622970581,-0.8064236640930176,3.1839776056585833e-05
1790756587665005751,pose,-0.0311606302857399,-0.767436683177948,-0.8062890768051147,1.334537137154257e-05
1790756587672216446,pose,-0.03161470219492912,-0.7674540281295776,-0.8061556816101074,-2.9568111585831502e-06
1790756587741097474,pose,-0.032058414071798325,-0.7674704790115356,-0.8060234785079956,-1.898095251817722e-05
1790756587750362627,pose,-0.032915148884058,-0.7675012946128845,-0.8057702779769897,-4.9889073125086725e-05
1790756587758607286,pose,-0.03332868963479996,-0.7675158977508545,-0.805645227432251,-6.556251173606142e-05
1790756587763557771,pose,-0.03373279049992561,-0.7675299644470215,-0.8055211305618286,-8.02363283582963e-05
1790756587882554381,pose,-0.03413204848766327,-0.7675614356994629,-0.8053979873657227,-9.572663839207962e-05
1790756587886807964,pose,-0.03452242165803909,-0.7675925493240356,-0.8052756190299988,-0.00012355695071164519
1790756587896660495,pose,-0.03527766466140747,-0.7675743699073792,-0.8050518035888672,-0.00020108073658775538
1790756587981961246,pose,-0.03564206883311272,-0.7676053643226624,-0.8049344420433044,-0.00023059437808115035
1790756588013947747,pose,-0.03634694218635559,-0.7676673531532288,-0.8047018647193909,-0.0002812572638504207
1790756588014462513,pose,-0.03690661862492561,-0.7677730917930603,-0.804614245891571,-0.00030446858727373183
1790756588130352717,pose,-0.03745507821440697,-0.7678773403167725,-0.8045259118080139,-0.0003330929612275213
1790756588138360897,pose,-0.03799261525273323,-0.7679800391197205,-0.8044413328170776,-0.00035917761852033436
1790756588148019414,pose,-0.038523510098457336,-0.768076479434967,-0.8043562173843384,-0.0003856406838167459
1790756588158700086,pose,-0.03904386982321739,-0.7681717872619629,-0.8042705655097961,-0.0004077835474163294
1790756588245673216,pose,-0.039554011076688766,-0.7682658433914185,-0.8041845560073853,-0.00042985929758287966
1790756588252108237,pose,-0.040544293820858,-0.7684504389762878,-0.8040111660957336,-0.00047241238644346595
1790756588262845549,pose,-0.041025079786777496,-0.7685410380363464,-0.8039281368255615,-0.0004931718576699495
1790756588348694008,pose,-0.04149657115340233,-0.7686305046081543,-0.8038447499275208,-0.000512847735080868
1790756588363704831,pose,-0.04195890203118324,-0.7687190175056458,-0.8037609457969666,-0.000532163365278393
1790756588372201964,pose,-0.042863212525844574,-0.7688944339752197,-0.8035928606987,-0.0005700060282833874
1790756588461652416,pose,-0.043305568397045135,-0.7689812779426575,-0.8035087585449219,-0.0005965979071334004
1790756588470065300,pose,-0.04442085325717926,-0.7697308659553528,-0.8039171099662781,-0.0006241389201022685
1790756588484506492,pose,-0.04544888436794281,-0.7704392671585083,-0.8042703866958618,-0.0006636652396991849
1790756588546924014,pose,-0.04730754345655441,-0.7717569470405579,-0.8048581480979919,-0.0007360244053415954
1790756588562008054,pose,-0.0481613390147686,-0.7723759412765503,-0.8051081299781799,-0.0007724951719865203
1790756588567735164,pose,-0.049081951379776,-0.7730182409286499,-0.8053928017616272,-0.0008073096978478134
1790756588675483541,pose,-0.049946993589401245,-0.7736329436302185,-0.8056449890136719,-0.0008500388357788324
1790756588687254004,pose,-0.05154760181903839,-0.7747951149940491,-0.8060763478279114,-0.0009287318680435419
1790756588692350816,pose,-0.05229666829109192,-0.7753483653068542,-0.8062639832496643,-0.0009648662526160479
1790756588699670677,pose,-0.05301806703209877,-0.7758859395980835,-0.806437075138092,-0.001000543124973774
1790756588764191991,pose,-0.05371531844139099,-0.7764097452163696,-0.8066019415855408,-0.0010345624759793282
1790756588783200917,pose,-0.05504811927676201,-0.7774215936660767,-0.8069007396697998,-0.0011018747463822365
1790756588788876547,pose,-0.0556877963244915,-0.7779116034507751,-0.807037353515625,-0.0011344235390424728
1790756588803546713,pose,-0.056313708424568176,-0.7783928513526917,-0.8071666359901428,-0.0011661093449220061
1790756588919333446,pose,-0.05691194161772728,-0.7790902853012085,-0.8072987198829651,-0.0012048210483044386
1790756588923386573,pose,-0.05749820917844772,-0.7797746062278748,-0.8074285387992859,-0.0012481707381084561
1790756589020725096,pose,-0.058073222637176514,-0.7804465293884277,-0.807552695274353,-0.0012965030036866665
1790756589031933272,pose,-0.05919155851006508,-0.7817554473876953,-0.8077857494354248,-0.001383389811962843
1790756589040831635,pose,-0.05973568558692932,-0.7823931574821472,-0.8078951835632324,-0.001421856926754117
1790756589055851572,pose,-0.06027000769972801,-0.7830201983451843,-0.8080000281333923,-0.0014586151810362935
1790756589145559062,pose,-0.06079486012458801,-0.7836369872093201,-0.808104395866394,-0.0014924458228051662
1790756589154349984,pose,-0.061332158744335175,-0.7842525243759155,-0.8082042932510376,-0.0015249934513121843
1790756589166458322,pose,-0.06186029314994812,-0.7848583459854126,-0.8082998394966125,-0.0015704503748565912
1790756589167686274,pose,-0.06237953528761864,-0.785454511642456,-0.8083910346031189,-0.0016116435872390866
1790756589275355199,pose,-0.06289008259773254,-0.786041259765625,-0.8084783554077148,-0.0016499010380357504
1790756589280271218,pose,-0.06339200586080551,-0.7866187691688538,-0.8085618615150452,-0.0016851327382028103
1790756589403478531,pose,-0.06388536095619202,-0.7871872782707214,-0.808646559715271,-0.0017175908433273435
1790756589412372377,pose,-0.06532660871744156,-0.7880730628967285,-0.8087239861488342,-0.0017763249343261123
1790756589420367126,pose,-0.06626462191343307,-0.7883939743041992,-0.8087188601493835,-0.001807129243388772
1790756589428461634,pose,-0.06718889623880386,-0.7887012362480164,-0.8087124228477478,-0.0018355579813942313
1790756589495534299,pose,-0.06809579581022263,-0.7890034317970276,-0.8087046146392822,-0.0018706962000578642
1790756589503882470,pose,-0.0699525997042656,-0.789605438709259,-0.8087182641029358,-0.0019335728138685226
1790756589531839221,pose,-0.07088008522987366,-0.7899020314216614,-0.8087329268455505,-0.001962443580850959
1790756589642131989,pose,-0.0717737078666687,-0.7901910543441772,-0.8087412118911743,-0.0019904703367501497
1790756589652209532,pose,-0.0726378858089447,-0.7904731035232544,-0.8087443709373474,-0.00201844098046422
1790756589657867098,pose,-0.07347603887319565,-0.7907484769821167,-0.8087433576583862,-0.002042156644165516
1790756589748534844,pose,-0.07429077476263046,-0.791017472743988,-0.8087449073791504,-0.002066440414637327
1790756589761254106,pose,-0.07591421157121658,-0.7915499210357666,-0.808764636516571,-0.0021011987701058388
1790756589769444998,pose,-0.07671870291233063,-0.7918099761009216,-0.8087769746780396,-0.0021130109671503305
1790756589777610315,pose,-0.07749060541391373,-0.7920626997947693,-0.8087819218635559,-0.0021217239554971457
1790756589888037263,pose,-0.07879337668418884,-0.7936897873878479,-0.8085984587669373,-0.0021411317866295576
1790756589891478541,pose,-0.07941518723964691,-0.7944660186767578,-0.80850750207901,-0.002151819411665201
1790756589895716527,pose,-0.08002010732889175,-0.7952203154563904,-0.808415412902832,-0.002158349147066474
1790756589995602967,pose,-0.0806146189570427,-0.7959421277046204,-0.8083223700523376,-0.002163035562261939
1790756590018067852,pose,-0.0811946764588356,-0.7966453433036804,-0.8082288503646851,-0.00218031695112586
1790756590019517411,pose,-0.0817611813545227,-0.7973309755325317,-0.8081349730491638,-0.0021936981938779354
1790756590115951215,pose,-0.08296804875135422,-0.7987039089202881,-0.8079453110694885,-0.0021707492414861917
1790756590124065300,pose,-0.08401334285736084,-0.7999637126922607,-0.8077682256698608,-0.0022128878626972437
1790756590131677814,pose,-0.0845196470618248,-0.8005728721618652,-0.8076793551445007,-0.0022224257700145245
1790756590139536229,pose,-0.08501548320055008,-0.8011687397956848,-0.8075905442237854,-0.0022299056872725487
1790756590206767643,pose,-0.0854838564991951,-0.8017361164093018,-0.8075016140937805,-0.002233077073469758
1790756590230051682,pose,-0.08698549121618271,-0.8030887246131897,-0.8069084882736206,-0.002225104020908475
1790756590232914726,pose,-0.08800497651100159,-0.8038687705993652,-0.8064093589782715,-0.002221942413598299
1790756590347915987,pose,-0.08900153636932373,-0.8046318292617798,-0.8059223294258118,-0.00221617822535336
1790756590370084323,pose,-0.08997572958469391,-0.8053783178329468,-0.8054471015930176,-0.002207406796514988
1790756590378218524,pose,-0.09092817455530167,-0.8061087727546692,-0.804983377456665,-0.002198121277615428
1790756590452599032,pose,-0.09185939282178879,-0.8068234324455261,-0.8045413494110107,-0.002188199432566762
1790756590464308045,pose,-0.09276990592479706,-0.8075226545333862,-0.804110050201416,-0.002176224486902356
1790756590486302441,pose,-0.09453234821557999,-0.8088701963424683,-0.8032780885696411,-0.0021485574543476105
1790756590587765542,pose,-0.09538507461547852,-0.8095191121101379,-0.802876889705658,-0.00213422067463398
1790756590592413095,pose,-0.09621884673833847,-0.8101539015769958,-0.8024851679801941,-0.002120625926181674
1790756590603266661,pose,-0.09703407436609268,-0.8107749819755554,-0.8021140098571777,-0.0021033657249063253
1790756590618129202,pose,-0.09904644638299942,-0.8122156262397766,-0.8013359308242798,-0.0020354590378701687
1790756590719582129,pose,-0.09991029649972916,-0.8128541111946106,-0.8009762167930603,-0.002018578117713332
1790756590736968613,pose,-0.10064708441495895,-0.8131025433540344,-0.8004522919654846,-0.001999759813770652
1790756590749037509,pose,-0.10136728733778,-0.8133559823036194,-0.7999618649482727,-0.0019737198017537594
1790756590832696697,pose,-0.10205530375242233,-0.8136011958122253,-0.799488365650177,-0.001953319413587451
1790756590852717261,pose,-0.10334949195384979,-0.814069390296936,-0.7985864281654358,-0.0019096076721325517
1790756590853425636,pose,-0.10396109521389008,-0.8142934441566467,-0.7981557250022888,-0.0018875234527513385
1790756590860265105,pose,-0.10455172508955002,-0.8145111799240112,-0.797737181186676,-0.001863211626186967
1790756590951681089,pose,-0.10512307286262512,-0.814723014831543,-0.7973301410675049,-0.0018387028248980641
1790756590962507431,pose,-0.10622268170118332,-0.8151331543922424,-0.796574592590332,-0.0017884045373648405
1790756590976999970,pose,-0.10675270855426788,-0.8153316974639893,-0.7962116599082947,-0.0017624425236135721
1790756591085507980,pose,-0.10726738721132278,-0.8155248761177063,-0.795857846736908,-0.001736345118843019
1790756591086047924,pose,-0.10776737332344055,-0.8157129287719727,-0.7955127954483032,-0.0017100198892876506
1790756591098645844,pose,-0.1087251827120781,-0.8160743713378906,-0.7948618531227112,-0.0016528633423149586
1790756591177187672,pose,-0.10918399691581726,-0.8162481188774109,-0.7945554852485657,-0.001622695242986083
1790756591197987856,pose,-0.10967589169740677,-0.8168490529060364,-0.794658362865448,-0.0015923569444566965
1790756591198397415,pose,-0.11012926697731018,-0.8173965215682983,-0.7947477102279663,-0.0015631396090611815
1790756591207319918,pose,-0.11054785549640656,-0.8179140090942383,-0.794826865196228,-0.0015515799168497324
1790756591310785469,pose,-0.11093717068433762,-0.8184057474136353,-0.794910728931427,-0.0015392543282359838
1790756591326464670,pose,-0.11164495348930359,-0.8193249106407166,-0.7950603365898132,-0.0015107375802472234
1790756591338923576,pose,-0.11196942627429962,-0.8197570443153381,-0.7951284646987915,-0.0014944332651793957
1790756591430523477,pose,-0.11227720230817795,-0.8201733231544495,-0.7951930165290833,-0.0014772708527743816
1790756591438693667,pose,-0.11256994307041168,-0.8205749988555908,-0.795254647731781,-0.001461361302062869
1790756591453687220,pose,-0.11311537027359009,-0.8213390111923218,-0.7953932285308838,-0.0014272065600380301
1790756591540273603,pose,-0.11337985843420029,-0.8216939568519592,-0.7954589128494263,-0.001408701529726386
1790756591549257644,pose,-0.11363319307565689,-0.8220378756523132,-0.7955223321914673,-0.0014019088121131063
1790756591568079222,pose,-0.11387602239847183,-0.8223713040351868,-0.7955837845802307,-0.0013945348327979445
1790756591620748200,pose,-0.1139235869050026,-0.8244234919548035,-0.7962234616279602,-0.001392838079482317
1790756591629978369,pose,-0.11394212394952774,-0.8254116773605347,-0.7965413331985474,-0.0013989555882290006
1790756591636849557,pose,-0.11395727843046188,-0.8263760209083557,-0.7968512773513794,-0.0014036735519766808
1790756591709612814,pose,-0.11396931856870651,-0.827317476272583,-0.7971535921096802,-0.0014088301686570048
1790756591716099596,pose,-0.11401770263910294,-0.8293055891990662,-0.7978184223175049,-0.0014233484398573637
1790756591725630620,pose,-0.11403082311153412,-0.8302465677261353,-0.7981372475624084,-0.0013951590517535806
1790756591732078450,pose,-0.11403832584619522,-0.8311540484428406,-0.7984420657157898,-0.0013649496249854565
1790756591802658470,pose,-0.11404109001159668,-0.8320316076278687,-0.7987344861030579,-0.001337683410383761
1790756591814272941,pose,-0.11403463780879974,-0.8337079286575317,-0.7992875576019287,-0.001277847564779222
1790756591819228668,pose,-0.11402621120214462,-0.8345109224319458,-0.7995500564575195,-0.0012472820235416293
1790756591884778238,pose,-0.11401475965976715,-0.8352928161621094,-0.7998042702674866,-0.0012164147337898612
1790756591893828858,pose,-0.11400052160024643,-0.8360550403594971,-0.800061821937561,-0.001185425091534853
1790756591902429696,pose,-0.11423960328102112,-0.8374819755554199,-0.8000668883323669,-0.0011195203987881541
1790756591911102792,pose,-0.11435095220804214,-0.8381715416908264,-0.8000701069831848,-0.0010819857707247138
1790756591976943357,pose,-0.11445705592632294,-0.8388461470603943,-0.8000739216804504,-0.0010448588291183114
1790756591992688809,pose,-0.11455810815095901,-0.8395064473152161,-0.8000783324241638,-0.0010068383999168873
1790756591993714792,pose,-0.11465435475111008,-0.8401529788970947,-0.8000961542129517,-0.0009673381573520601
1790756592067116259,pose,-0.11483322083950043,-0.8414062261581421,-0.8001318573951721,-0.0008850442827679217
1790756592076549124,pose,-0.114916130900383,-0.8420137166976929,-0.8001496195793152,-0.0008432782487943769
1790756592094043884,pose,-0.11510666459798813,-0.8431804776191711,-0.8001849055290222,-0.0007891317363828421
1790756592228357827,pose,-0.11519579589366913,-0.8437460660934448,-0.8002159595489502,-0.0007746966439299285
1790756592232293412,pose,-0.11528103053569794,-0.8442999124526978,-0.8002463579177856,-0.0007630679756402969
1790756592239612513,pose,-0.11536257714033127,-0.844842255115509,-0.8002760410308838,-0.0007526618428528309
1790756592311225252,pose,-0.11551506817340851,-0.8458935022354126,-0.8003330230712891,-0.0007306648185476661
1790756592316687060,pose,-0.11603032797574997,-0.846462070941925,-0.8009126782417297,-0.0007187058217823505
1790756592325061481,pose,-0.11653300374746323,-0.8470196723937988,-0.8014879822731018,-0.0007117976201698184
1790756592332458761,pose,-0.11701815575361252,-0.8475722074508667,-0.8020489811897278,-0.0007051422144286335
1790756592399027135,pose,-0.11749149858951569,-0.8481141328811646,-0.8025960326194763,-0.0006873615784570575
1790756592407190343,pose,-0.11840404570102692,-0.8491670489311218,-0.8036491274833679,-0.0006506321369670331
1790756592599614518,pose,-0.11884401738643646,-0.8496784567832947,-0.8041557669639587,-0.0006341711268760264
1790756592611000138,pose,-0.11927352100610733,-0.85017991065979,-0.8046494126319885,-0.0006177884060889482
1790756592627761962,pose,-0.11969287693500519,-0.850671648979187,-0.8051414489746094,-0.0006010395591147244
1790756592775862430,pose,-0.12010231614112854,-0.8511536717414856,-0.8056206703186035,-0.0005888188607059419
1790756592780690435,pose,-0.12050216645002365,-0.8516261577606201,-0.8060873746871948,-0.0005735720624215901
1790756592790838911,pose,-0.12089750915765762,-0.8520927429199219,-0.8065418004989624,-0.0005585351609624922
1790756592795918099,pose,-0.12128369510173798,-0.8525500297546387,-0.8069844245910645,-0.0005480881663970649
1790756592902998257,pose,-0.12166081368923187,-0.8529981970787048,-0.8074154853820801,-0.0005404913681559265
1790756592916948333,pose,-0.12202911823987961,-0.8534373044967651,-0.80784672498703,-0.0005344449309632182
1790756592923015629,pose,-0.12238883972167969,-0.8538674116134644,-0.8082664608955383,-0.0005255048163235188
1790756592941250529,pose,-0.1235055923461914,-0.8545000553131104,-0.8088330030441284,-0.0005175495753064752
1790756593052849766,pose,-0.12566009163856506,-0.8557292819023132,-0.8099220991134644,-0.0005195050034672022
1790756593067068794,pose,-0.1266988217830658,-0.8563165664672852,-0.8104450106620789,-0.0005206637433730066
1790756593075855561,pose,-0.12771326303482056,-0.8568926453590393,-0.8109650611877441,-0.0005201323656365275
1790756593178054988,pose,-0.12967176735401154,-0.8580116629600525,-0.8119631409645081,-0.0005149058997631073
1790756593183662272,pose,-0.13061700761318207,-0.858555018901825,-0.8124419450759888,-0.0005089985788799822
1790756593194799150,pose,-0.13154034316539764,-0.8590878844261169,-0.8129077553749084,-0.0005048536113463342
1790756593256988125,pose,-0.13244228065013885,-0.859610378742218,-0.8133608102798462,-0.0005000789533369243
1790756593265702201,pose,-0.13332341611385345,-0.8601226806640625,-0.8138135671615601,-0.0004952998133376241
1790756593274695517,pose,-0.1351470649242401,-0.8612026572227478,-0.8147925734519958,-0.0004683473380282521
1790756593336090609,pose,-0.13599716126918793,-0.8617117404937744,-0.8152439594268799,-0.00044333317782729864
1790756593346791084,pose,-0.13681326806545258,-0.8622036576271057,-0.8156744241714478,-0.0004169580352026969
1790756593354928169,pose,-0.13773904740810394,-0.8631385564804077,-0.8163527846336365,-0.00039091610233299434
1790756593364110274,pose,-0.13949866592884064,-0.8649309277534485,-0.8176579475402832,-0.00036707878462038934
1790756593425234358,pose,-0.14033766090869904,-0.8657927513122559,-0.81827712059021,-0.0003555486036930233
1790756593437459838,pose,-0.1411522626876831,-0.8666337728500366,-0.8188760280609131,-0.0003433463571127504
1790756593450448068,pose,-0.14268125593662262,-0.8682770729064941,-0.8200182914733887,-0.00030979025177657604
1790756593508520828,pose,-0.143414705991745,-0.8690719604492188,-0.8205746412277222,-0.0002882580447476357
1790756593534056895,pose,-0.14488966763019562,-0.8706991076469421,-0.821645975112915,-0.00022849092783872038
1790756593536514040,pose,-0.1455659568309784,-0.8714433312416077,-0.8221532702445984,-0.00020455736375879496
1790756593658569136,pose,-0.14622491598129272,-0.8721725940704346,-0.8226455450057983,-0.00018172171257901937
1790756593666637073,pose,-0.146867036819458,-0.8728871941566467,-0.8231232762336731,-0.00016026968660298735
1790756593675208344,pose,-0.14749278128147125,-0.8735876083374023,-0.8235870003700256,-0.00013730343198403716
1790756593687115819,pose,-0.14882823824882507,-0.875316321849823,-0.8254119753837585,-0.00011213026300538331
1790756593823514443,pose,-0.14952115714550018,-0.8763393759727478,-0.8267382383346558,-0.00012072188110323623
1790756593842416876,pose,-0.15019702911376953,-0.8773425817489624,-0.8280287981033325,-0.00012960520689375699
1790756593844277039,pose,-0.15085622668266296,-0.8783264756202698,-0.8292847275733948,-0.0001397584710502997
1790756593992843680,pose,-0.15149913728237152,-0.8792915344238281,-0.8305071592330933,-0.00014945089060347527
1790756594001912435,pose,-0.1521262526512146,-0.8802379965782166,-0.831702709197998,-0.00015676079783588648
1790756594008747433,pose,-0.15333448350429535,-0.8820772767066956,-0.8339980840682983,-0.00017585536988917738
1790756594166840342,pose,-0.15390029549598694,-0.8829680681228638,-0.8350995182991028,-0.0001851498818723485
1790756594171989094,pose,-0.15445198118686676,-0.8838419914245605,-0.8361712694168091,-0.00018912534869741648
1790756594185072380,pose,-0.1549897938966751,-0.884699285030365,-0.837213933467865,-0.00019264122238382697
1790756594193849954,pose,-0.15602511167526245,-0.8863651752471924,-0.8392298817634583,-0.0002030637115240097
1790756594262025431,pose,-0.15667542815208435,-0.8873567581176758,-0.8404486775398254,-0.00020863443205598742
1790756594273916775,pose,-0.15727385878562927,-0.8882881999015808,-0.8415769338607788,-0.00021659194317180663
1790756594282312779,pose,-0.1570979803800583,-0.8893030285835266,-0.8432591557502747,-0.0002249725948786363
1790756594349607892,pose,-0.15674322843551636,-0.8911949992179871,-0.8463660478591919,-0.00023727526422590017
1790756594363233086,pose,-0.15656934678554535,-0.8920862078666687,-0.8478096723556519,-0.00024228244728874415
1790756594377337243,pose,-0.15639786422252655,-0.8929471969604492,-0.849192202091217,-0.0002456032671034336
1790756594436034455,pose,-0.15622875094413757,-0.8937814235687256,-0.8505202531814575,-0.0002500199479982257
1790756594445381503,pose,-0.15589751303195953,-0.8953793048858643,-0.853033185005188,-0.00025388659560121596
1790756594456083658,pose,-0.15573523938655853,-0.8961467742919922,-0.8542306423187256,-0.00025601297966204584
1790756594530496246,pose,-0.15557511150836945,-0.8968954682350159,-0.855389416217804,-0.00025692881899885833
1790756594539819727,pose,-0.15541817247867584,-0.8976282477378845,-0.8565118312835693,-0.0002556752588134259
1790756594558251626,pose,-0.15510959923267365,-0.8990435004234314,-0.8586551547050476,-0.0002356980403419584
1790756594567067545,pose,-0.1549578160047531,-0.899727463722229,-0.859679102897644,-0.00022635019558947533
1790756594718530264,pose,-0.15480753779411316,-0.9003964066505432,-0.8606788516044617,-0.0002165127662010491
1790756594730075380,pose,-0.15465869009494781,-0.901050865650177,-0.8616500496864319,-0.0002039057289948687
1790756594733247476,pose,-0.15523357689380646,-0.9013656377792358,-0.8652366399765015,-0.00016455513832625002
1790756594848643011,det,-0.01216811112914964,-0.04868777162136668,0.962636653892692,0
1790756594874332598,pose,-0.15551185607910156,-0.9015032649040222,-0.8669587969779968,-0.00013617976219393313
1790756594883508963,pose,-0.15578167140483856,-0.9016375541687012,-0.8686354756355286,-0.00011837591591756791
1790756594894619246,pose,-0.15604321658611298,-0.9017683863639832,-0.8702691197395325,-9.78526149992831e-05
1790756594902184845,pose,-0.15654286742210388,-0.9020195603370667,-0.8734003901481628,-5.6254568335134536e-05
1790756594925288526,det,0.002146527527845964,-0.08230339843078803,0.9669426171816022,0
1790756594972487403,det,0.00925296855177279,-0.09942942078019106,0.9697912279132628,0
1790756597216495122,pose,-0.15678179264068604,-0.9021397233009338,-0.8748606443405151,-3.417521293158643e-05
1790756597237591933,pose,-0.15723921358585358,-0.9023692011833191,-0.8774345517158508,1.0386067515355535e-05
1790756597297382252,pose,-0.15766774117946625,-0.9025781154632568,-0.8794573545455933,4.4271964725339785e-05
1790756597315338318,pose,-0.15787237882614136,-0.9026772379875183,-0.8802990913391113,5.670304744853638e-05
1790756597346623350,pose,-0.1580706387758255,-0.9027726054191589,-0.8810765147209167,6.923714681761339e-05
1790756597426537621,det,0.0127948174781762,-0.1082247315532761,0.9720683161918608,0
1790756597487248561,pose,-0.15826235711574554,-0.9028641581535339,-0.8818114995956421,8.160372090060264e-05
1790756597499201136,pose,-0.15978898108005524,-0.9023998975753784,-0.8826860189437866,0.0001209470719913952
1790756597508861127,pose,-0.16052421927452087,-0.9021726250648499,-0.8831128478050232,0.000147640093928203
1790756597519617400,det,0.014403405963358616,-0.11271010265031196,0.9739684441781505,0
1790756597587628056,pose,-0.16124150156974792,-0.9019482731819153,-0.8835338950157166,0.00017376804316882044
1790756597597047992,pose,-0.16194681823253632,-0.9017177820205688,-0.883928656578064,0.00019977470219600946
1790756597604462373,pose,-0.163307324051857,-0.9012653231620789,-0.8845083713531494,0.0002462128468323499
1790756597615779442,pose,-0.1639634519815445,-0.9010432362556458,-0.8846482038497925,0.00026798900216817856
1790756597689144590,pose,-0.1646038293838501,-0.9008238911628723,-0.8846732378005981,0.0002886930014938116
1790756597697556160,pose,-0.16522878408432007,-0.9006070494651794,-0.8845697641372681,0.00032073192414827645
1790756597705683142,pose,-0.16643263399600983,-0.9001801609992981,-0.8840356469154358,0.0006348108290694654
1790756597771166892,pose,-0.16701127588748932,-0.8999696373939514,-0.8836787939071655,0.0009350673062726855
1790756597786387007,pose,-0.1675592064857483,-0.899771511554718,-0.8832924365997314,0.0013162255054339767
1790756597789029839,pose,-0.16809199750423431,-0.8995749354362488,-0.8828890919685364,0.001787398592568934
1790756597862745570,pose,-0.16857744753360748,-0.8987623453140259,-0.8820378184318542,0.0029096752405166626
1790756597873521747,pose,-0.16854290664196014,-0.8981550931930542,-0.8815924525260925,0.0035416563041508198
1790756597886145397,pose,-0.16850635409355164,-0.8975576758384705,-0.8811301589012146,0.004212298430502415
1790756597950572253,pose,-0.16846773028373718,-0.8969697952270508,-0.8806488513946533,0.004913110751658678
1790756597971758149,pose,-0.1683841198682785,-0.8958208560943604,-0.879629373550415,0.006367621012032032
1790756597980749582,pose,-0.1683478206396103,-0.8952720165252686,-0.8790797591209412,0.00711322296410799
1790756597993637440,pose,-0.16830918192863464,-0.8947311043739319,-0.8784999251365662,0.007851842790842056
1790756598021097195,det,0.015003678156433846,-0.11513042732768569,0.975360547137965,0
1790756598086937608,det,0.015097586051360752,-0.1165173742002621,0.9764517281573426,0
1790756598161834057,det,0.014725540935944071,-0.11727457442227285,0.9773314771781879,0
1790756598162366118,pose,-0.16826824843883514,-0.8941977024078369,-0.8778864145278931,0.008580166846513748
1790756598173725781,pose,-0.1682250052690506,-0.8936716318130493,-0.8772357106208801,0.009294024668633938
1790756598184069141,pose,-0.1681312769651413,-0.8926409482955933,-0.8758136630058289,0.010641173459589481
1790756598256526715,det,0.014037873581852722,-0.11786062210883734,0.9775182075502323,0
1790756598343182809,pose,-0.16808097064495087,-0.8921359777450562,-0.8750348687171936,0.01125751156359911
1790756598353708537,det,0.013591487601722714,-0.11837061678287435,0.9770260201395043,0
1790756598360395180,pose,-0.1680285781621933,-0.8916378617286682,-0.8742035627365112,0.011829943396151066
1790756598368291386,pose,-0.1678924709558487,-0.8906573057174683,-0.8723679184913635,0.012813729234039783
1790756598410337032,det,0.013157467598301513,-0.11886456384301845,0.9769201385628168,0
1790756598482356864,det,0.012420160068169721,-0.11930842974240484,0.9778224422123313,0
1790756598507571326,pose,-0.1675790548324585,-0.8906122446060181,-0.8722198605537415,0.013224511407315731
1790756598519105233,pose,-0.16726897656917572,-0.8905635476112366,-0.8719837069511414,0.013560440391302109
1790756598529483751,pose,-0.16696226596832275,-0.890511691570282,-0.8716558218002319,0.013825803995132446
1790756598537056734,pose,-0.16635844111442566,-0.890399694442749,-0.8707175850868225,0.014124369248747826
1790756598619523447,pose,-0.16606120765209198,-0.8903404474258423,-0.8701032400131226,0.014154225587844849
1790756598628955516,pose,-0.16576701402664185,-0.8902794718742371,-0.8693903684616089,0.014096357859671116
1790756598637444968,pose,-0.16547587513923645,-0.8902173042297363,-0.8685781359672546,0.013947784900665283
1790756598719827674,pose,-0.16489039361476898,-0.8901574015617371,-0.8666389584541321,0.013380579650402069
1790756598735486014,pose,-0.16460226476192474,-0.8901272416114807,-0.8655073642730713,0.012958141043782234
1790756598742935533,pose,-0.16431716084480286,-0.8900973796844482,-0.8642659187316895,0.012442870996892452
1790756598829832073,det,0.011528279061563474,-0.11956074560187976,0.9785522483795209,0
1790756598889762294,pose,-0.1640351414680481,-0.8900681138038635,-0.8629112839698792,0.011840066872537136
1790756598899806276,pose,-0.16348014771938324,-0.8900131583213806,-0.8598518967628479,0.010388541966676712
1790756598910473836,pose,-0.16411851346492767,-0.8899919390678406,-0.8588412404060364,0.009545397944748402
1790756598912035799,det,0.010184538712992379,-0.11983487036421117,0.9796367628718547,0
1790756598920363025,pose,-0.16473975777626038,-0.8899737000465393,-0.8576887249946594,0.008649338968098164
1790756598986987541,det,0.008397773318275318,-0.12000704949938555,0.9807414829737957,0
1790756599059718747,det,0.004328360001652255,-0.11933628378068274,0.976231752328219,0
1790756599064435937,pose,-0.16532643139362335,-0.8899587392807007,-0.8563922047615051,0.00768758961930871
1790756599079359863,pose,-0.16589710116386414,-0.8899474740028381,-0.8549500703811646,0.006680224556475878
1790756599088029973,pose,-0.16699275374412537,-0.8899368643760681,-0.8516209125518799,0.004493132699280977
1790756599170105652,det,-0.0005711812732032689,-0.1180923821600629,0.9700643141729884,0
1790756599211424067,pose,-0.167518749833107,-0.8899378776550293,-0.8497309684753418,0.003327457932755351
1790756599223178613,pose,-0.16803093254566193,-0.8899431228637695,-0.8476883769035339,0.0021177739836275578
1790756599231243686,pose,-0.16852982342243195,-0.8899527788162231,-0.845492959022522,0.000866314978338778
1790756599243289677,det,-0.005666155037133826,-0.11705305040749948,0.9627025633573683,0
1790756599287280910,det,-0.010288420647801189,-0.1157592201899609,0.9545168282455511,0
1790756599325463972,pose,-0.1690157949924469,-0.8899669051170349,-0.8431429266929626,-0.00042210781248286366
1790756599344245624,pose,-0.1699783205986023,-0.8900160789489746,-0.8360275030136108,-0.003855151357129216
1790756599346048502,pose,-0.17044737935066223,-0.8900417685508728,-0.833125114440918,-0.005235055927187204
1790756599356365079,pose,-0.1709049493074417,-0.890071451663971,-0.8300539255142212,-0.0066436585038900375
1790756599467533556,det,-0.013228770679654726,-0.11531166448185816,0.946124535604477,0
1790756599473505957,pose,-0.17135144770145416,-0.8901049494743347,-0.826815664768219,-0.00807361863553524
1790756599482178515,pose,-0.17263074219226837,-0.8896826505661011,-0.8201882839202881,-0.010972371324896812
1790756599496933862,pose,-0.17345759272575378,-0.8892370462417603,-0.8168010115623474,-0.012383058667182922
1790756599602167478,pose,-0.1742682307958603,-0.8888049721717834,-0.8132581114768982,-0.013797602616250515
1790756599611339259,pose,-0.17506305873394012,-0.8883858919143677,-0.8095639944076538,-0.01521197147667408
1790756599619396703,pose,-0.17659124732017517,-0.8875638842582703,-0.80174320936203,-0.018037689849734306
1790756599679576585,pose,-0.17733290791511536,-0.8871707320213318,-0.7976287007331848,-0.019444124773144722
1790756599689055438,pose,-0.17806005477905273,-0.8867886662483215,-0.7933856248855591,-0.02084421180188656
1790756599699638972,pose,-0.1787729561328888,-0.8864172697067261,-0.7890191078186035,-0.022234085947275162
1790756599708619264,pose,-0.18015719950199127,-0.8857043385505676,-0.7799347043037415,-0.024982621893286705
1790756599783406277,pose,-0.1808289885520935,-0.8853617310523987,-0.7752278447151184,-0.02633816935122013
1790756599799267248,pose,-0.18148744106292725,-0.8850276470184326,-0.7704180479049683,-0.027678921818733215
1790756599803415545,pose,-0.18209296464920044,-0.8846824169158936,-0.765509843826294,-0.029001502320170403
1790756599896797128,pose,-0.18321220576763153,-0.8842989802360535,-0.7599408030509949,-0.030260717496275902
1790756599903349975,pose,-0.18425294756889343,-0.8839380145072937,-0.7542608976364136,-0.03149460256099701
1790756599912493933,pose,-0.1861533522605896,-0.883269727230072,-0.7426185011863708,-0.03390371799468994
1790756600038316454,pose,-0.18703217804431915,-0.8829569220542908,-0.7366746068000793,-0.035075023770332336
1790756600047025457,pose,-0.18787270784378052,-0.8826556205749512,-0.7306644916534424,-0.03622205927968025
1790756600057375146,pose,-0.1894574910402298,-0.8820813894271851,-0.7184613943099976,-0.038443032652139664
1790756600176171192,pose,-0.19021323323249817,-0.881803035736084,-0.7122805118560791,-0.03951533883810043
1790756600191786415,pose,-0.190944641828537,-0.8815313577651978,-0.7060542106628418,-0.04056423157453537
1790756600215231027,pose,-0.19165363907814026,-0.8812656402587891,-0.699787437915802,-0.0415886826813221
1790756600229966157,pose,-0.1923416256904602,-0.881005048751831,-0.693489670753479,-0.04258326441049576
1790756600283119204,pose,-0.1936589926481247,-0.8804972767829895,-0.6808055639266968,-0.044484157115221024
1790756600301466497,pose,-0.19429001212120056,-0.8802492022514343,-0.6744284629821777,-0.04537297412753105
1790756600319170857,pose,-0.19490337371826172,-0.8800045251846313,-0.6680341362953186,-0.046220432966947556
1790756600436179534,pose,-0.19485580921173096,-0.8796078562736511,-0.6618962287902832,-0.0470348559319973
1790756600447893098,pose,-0.1948234736919403,-0.8792121410369873,-0.6557439565658569,-0.0478142648935318
1790756600459359710,pose,-0.19478881359100342,-0.8788231015205383,-0.6495770215988159,-0.048608969897031784
1790756600548534547,pose,-0.1947515904903412,-0.8784403204917908,-0.643397867679596,-0.04937298595905304
1790756600565588560,pose,-0.1947116106748581,-0.8780633807182312,-0.6372093558311462,-0.050107091665267944
1790756600569038305,pose,-0.19466866552829742,-0.8776921033859253,-0.6310147643089294,-0.05081184208393097
1790756600680231648,pose,-0.1946224719285965,-0.877326250076294,-0.6248171925544739,-0.05148706212639809
1790756600699299722,pose,-0.1945728063583374,-0.8769655823707581,-0.6186198592185974,-0.052132412791252136
1790756600703269947,pose,-0.19451949000358582,-0.8766099214553833,-0.6124303936958313,-0.052746016532182693
1790756600713698856,pose,-0.19439192116260529,-0.875891387462616,-0.5936905741691589,-0.054421618580818176
1790756600804172883,pose,-0.19423890113830566,-0.8752038478851318,-0.5814203023910522,-0.05531613901257515
1790756600809797193,pose,-0.19415593147277832,-0.8748661875724792,-0.5753130316734314,-0.05572384595870972
1790756600820938170,pose,-0.1940685361623764,-0.8745325803756714,-0.569234311580658,-0.056102313101291656
1790756600891837450,pose,-0.19397668540477753,-0.874203085899353,-0.563181459903717,-0.056450072675943375
1790756600910846483,pose,-0.1937306821346283,-0.8735761642456055,-0.5576443672180176,-0.05676518380641937
1790756600915983469,pose,-0.19349083304405212,-0.8729069828987122,-0.5522375702857971,-0.05705390125513077
1790756601029321205,pose,-0.19299566745758057,-0.8715882301330566,-0.5415108799934387,-0.05754220485687256
1790756601049281055,pose,-0.19273827970027924,-0.8709455132484436,-0.5361728668212891,-0.05771647021174431
1790756601049914418,pose,-0.19247621297836304,-0.870328962802887,-0.5308140516281128,-0.05785146355628967
1790756601147794460,pose,-0.19221027195453644,-0.8697347640991211,-0.5254413485527039,-0.05795794352889061
1790756601153503690,pose,-0.19194115698337555,-0.869159996509552,-0.5200601816177368,-0.058034271001815796
1790756601163350834,pose,-0.19139514863491058,-0.8680602312088013,-0.5092867016792297,-0.05810186639428139
1790756601174012497,pose,-0.1911189705133438,-0.8675318360328674,-0.5038988590240479,-0.0580902099609375
1790756601237252515,pose,-0.190840944647789,-0.8670161366462708,-0.49851155281066895,-0.05805394798517227
1790756601251728758,pose,-0.19056200981140137,-0.8665176630020142,-0.4931251108646393,-0.05798931419849396
1790756601260980306,pose,-0.19062408804893494,-0.8657509684562683,-0.48799002170562744,-0.05789441242814064
1790756601378650834,pose,-0.19065746665000916,-0.8650268912315369,-0.482801228761673,-0.05775606259703636
1790756601391364347,pose,-0.19065971672534943,-0.8636804223060608,-0.47232064604759216,-0.05740649253129959
1790756601403428228,pose,-0.19063621759414673,-0.8630481958389282,-0.4670414924621582,-0.0571942999958992
1790756601507452312,pose,-0.190599724650383,-0.8624385595321655,-0.46174323558807373,-0.05695979669690132
1790756601515026079,pose,-0.19055217504501343,-0.8618488311767578,-0.4564293622970581,-0.05670128017663956
1790756601526584642,pose,-0.1903432309627533,-0.8607245683670044,-0.4457677900791168,-0.05603976547718048
1790756601541712230,pose,-0.19022834300994873,-0.8601855039596558,-0.4404240846633911,-0.05563446134328842
1790756601655278490,pose,-0.19013403356075287,-0.8596173524856567,-0.4351564347743988,-0.055207833647727966
1790756601661522153,pose,-0.19002725183963776,-0.8590732216835022,-0.4298591911792755,-0.054758962243795395
1790756601666312727,pose,-0.18978460133075714,-0.858045220375061,-0.41919657588005066,-0.053806282579898834
1790756601765890236,pose,-0.18965157866477966,-0.8575571179389954,-0.4138432741165161,-0.05330263823270798
1790756601788196664,pose,-0.1881227046251297,-0.8572298884391785,-0.4029228389263153,-0.05225217342376709
1790756601794920586,pose,-0.18739087879657745,-0.8570670485496521,-0.3974485397338867,-0.05170544981956482
1790756601804771799,pose,-0.1866712123155594,-0.8569077849388123,-0.39196598529815674,-0.05116831138730049
1790756601930882663,pose,-0.1852112114429474,-0.8565846681594849,-0.38110223412513733,-0.05004647746682167
1790756601934371168,pose,-0.18450623750686646,-0.8564311861991882,-0.3756379783153534,-0.04946356266736984
1790756601939377110,pose,-0.18381552398204803,-0.856282651424408,-0.3701566755771637,-0.048869676887989044
1790756602045009469,pose,-0.18313756585121155,-0.8561387658119202,-0.36466026306152344,-0.04826110601425171
1790756602054827685,pose,-0.18247118592262268,-0.8559995293617249,-0.35915008187294006,-0.04763975739479065
1790756602079285295,pose,-0.18185830116271973,-0.8558812141418457,-0.3536277413368225,-0.04700559750199318
1790756602185662080,pose,-0.18125449120998383,-0.8557670712471008,-0.3481007516384125,-0.046414267271757126
1790756602193863563,pose,-0.18007192015647888,-0.8555514216423035,-0.33702078461647034,-0.045204926282167435
1790756602209149237,pose,-0.17949223518371582,-0.8554497957229614,-0.33146998286247253,-0.04458767548203468
1790756602299004129,pose,-0.17891988158226013,-0.8553522825241089,-0.32591262459754944,-0.04396361857652664
1790756602307119842,pose,-0.17853644490242004,-0.85518878698349,-0.32100221514701843,-0.04333341494202614
1790756602335728037,pose,-0.17778994143009186,-0.8548740148544312,-0.31111595034599304,-0.042033784091472626
1790756602337846255,pose,-0.17742674052715302,-0.8547227382659912,-0.3061411380767822,-0.041403599083423615
1790756602441463598,pose,-0.17706654965877533,-0.8545773029327393,-0.30114665627479553,-0.04076814278960228
1790756602454108495,pose,-0.17670944333076477,-0.8544375896453857,-0.2961326837539673,-0.040127791464328766
1790756602458405079,pose,-0.1760045737028122,-0.8541750311851501,-0.2860494554042816,-0.03883978724479675
1790756602532599380,pose,-0.17565691471099854,-0.8540522456169128,-0.2809810936450958,-0.03819015249609947
1790756602545762397,pose,-0.17531245946884155,-0.8539351224899292,-0.27589455246925354,-0.03753664344549179
1790756602554279171,pose,-0.17497135698795319,-0.8538234829902649,-0.2707899510860443,-0.03687906265258789
1790756602672772461,pose,-0.17430931329727173,-0.8536075353622437,-0.2605266273021698,-0.035561900585889816
1790756602691219727,pose,-0.17398829758167267,-0.8535031080245972,-0.25537195801734924,-0.03493478521704674
1790756602696332261,pose,-0.17367064952850342,-0.8534042239189148,-0.2502005100250244,-0.03430645167827606
1790756602706382540,pose,-0.17379949986934662,-0.8535159230232239,-0.24513129889965057,-0.03367811441421509
1790756602806906180,pose,-0.17404229938983917,-0.8537408709526062,-0.23493318259716034,-0.03239009156823158
1790756602818967526,pose,-0.17415666580200195,-0.8538542985916138,-0.22980523109436035,-0.031744636595249176
1790756602835571514,pose,-0.17426654696464539,-0.8539685010910034,-0.2246587872505188,-0.031097345054149628
1790756602939166189,pose,-0.1743721067905426,-0.8540835976600647,-0.21949775516986847,-0.030451355502009392
1790756602943716799,pose,-0.17448383569717407,-0.854199230670929,-0.21431760489940643,-0.02981533668935299
1790756602955484459,pose,-0.17459169030189514,-0.8543158173561096,-0.2091187685728073,-0.029188023880124092
1790756603052458391,pose,-0.174796462059021,-0.8545523285865784,-0.19866444170475006,-0.02792147360742092
1790756603067372741,pose,-0.1748935580253601,-0.854672372341156,-0.19340912997722626,-0.027286116033792496
1790756603082615188,pose,-0.17498742043972015,-0.8547936677932739,-0.1881399154663086,-0.026651456952095032
1790756603184021935,pose,-0.17507822811603546,-0.8549162745475769,-0.18285222351551056,-0.026018798351287842
1790756603201677491,pose,-0.1752513200044632,-0.8551655411720276,-0.17222261428833008,-0.02475881390273571
1790756603207711052,pose,-0.17533496022224426,-0.8553008437156677,-0.16688203811645508,-0.024132773280143738
1790756603215442464,pose,-0.1745413988828659,-0.8553305864334106,-0.16228634119033813,-0.023501165211200714
1790756603322370296,pose,-0.17376618087291718,-0.8553643226623535,-0.15765534341335297,-0.022877562791109085
1790756603331021310,pose,-0.17226876318454742,-0.8554434180259705,-0.14828841388225555,-0.021636053919792175
1790756603342884720,pose,-0.17154563963413239,-0.8554887175559998,-0.14355391263961792,-0.02101641148328781
1790756603424411367,pose,-0.17014776170253754,-0.8555903434753418,-0.13398626446723938,-0.019791441038250923
1790756603425875358,pose,-0.16875380277633667,-0.8557029962539673,-0.1244300976395607,-0.018579507246613503
1790756603455526788,det,0.017337845109496094,-0.2100259222402717,1.2641276303002342,0
1790756603509928524,det,0.04392294024592653,-0.2872450968810378,1.4963331642494253,0
1790756603545017110,pose,-0.16805987060070038,-0.8557639718055725,-0.11964022368192673,-0.017953945323824883
1790756603555985401,pose,-0.16738738119602203,-0.8558292388916016,-0.11479253321886063,-0.017333710566163063
1790756603564582764,pose,-0.16673418879508972,-0.8558984398841858,-0.10989336669445038,-0.016714684665203094
1790756603573303302,pose,-0.16547891497612,-0.8560476899147034,-0.09996119141578674,-0.015493618324398994
1790756603661584810,pose,-0.16487444937229156,-0.8561274409294128,-0.09493617713451385,-0.01488910149782896
1790756603667332851,pose,-0.16377373039722443,-0.8565375208854675,-0.09016074985265732,-0.014289521612226963
1790756603672685911,pose,-0.16268201172351837,-0.8569480776786804,-0.08534275740385056,-0.013711764477193356
1790756603701136249,det,0.06403042161264837,-0.33796969825236284,1.5954418968886646,0
1790756603746496211,det,0.09521378568684552,-0.5419405978133455,1.5504776908797728,0
1790756603780529619,pose,-0.16057398915290833,-0.8577571511268616,-0.07558732479810715,-0.012532493099570274
1790756603803578459,pose,-0.15955498814582825,-0.8581563234329224,-0.07065462321043015,-0.01194976270198822
1790756603813536653,pose,-0.15855804085731506,-0.8585523962974548,-0.06568767130374908,-0.011370912194252014
1790756603846624289,det,-0.2487428629810635,-0.4656974712691212,1.4245400738207399,0
1790756603899735326,pose,-0.15758226811885834,-0.8589456677436829,-0.0606873519718647,-0.010800473392009735
1790756603913819410,pose,-0.15569142997264862,-0.8597251176834106,-0.050589267164468765,-0.009678074158728123
1790756603937739671,pose,-0.15477541089057922,-0.8601115345954895,-0.04549422115087509,-0.009126652963459492
1790756603944582238,pose,-0.15387822687625885,-0.8604959845542908,-0.04036978259682655,-0.008581199683248997
1790756603961239098,det,-0.07298946808916844,-0.4198741368517221,1.3805603315448374,0
1790756604035210574,pose,-0.15298990905284882,-0.8608869910240173,-0.03521743416786194,-0.008043038658797741
1790756604041483103,pose,-0.15126657485961914,-0.861663818359375,-0.024826964363455772,-0.00693898368626833
1790756604056138478,pose,-0.15043090283870697,-0.8620496988296509,-0.019590701907873154,-0.00639832578599453
1790756604075001193,det,0.01594335859879423,-0.3950883428015068,1.3045615173813492,0
1790756604154211546,pose,-0.14961186051368713,-0.862433910369873,-0.014328324235975742,-0.005865729879587889
1790756604167503194,pose,-0.14814487099647522,-0.863192617893219,-0.009145292453467846,-0.0053412094712257385
1790756604171641966,pose,-0.1453070044517517,-0.8646827936172485,0.0013031355338171124,-0.004344305954873562
1790756604225565108,det,0.059820320597695764,-0.382439200223234,1.2078446965289826,0
1790756604274622506,pose,-0.14393483102321625,-0.8654147982597351,0.006567502394318581,-0.0038584216963499784
1790756604299479578,pose,-0.1425928771495819,-0.8661383390426636,0.011857382953166962,-0.0033821705728769302
1790756604299926902,pose,-0.1412731111049652,-0.866863489151001,0.01717248186469078,-0.0029125402215868235
1790756604319302497,det,0.07970857354418999,-0.37445401945888207,1.1015709569647927,0
1790756604379989621,pose,-0.13998235762119293,-0.8675804734230042,0.022512320429086685,-0.0024220088962465525
1790756604404018892,pose,-0.13871993124485016,-0.8682895302772522,0.02787446603178978,-0.001940672635100782
1790756604405180280,pose,-0.1374853104352951,-0.868990957736969,0.0332612507045269,-0.0014684671768918633
1790756604417463872,pose,-0.13627801835536957,-0.8696849942207336,0.03867289423942566,-0.0010047098621726036
1790756604511572256,pose,-0.1350974589586258,-0.8703717589378357,0.044109053909778595,-0.000549633870832622
1790756604519011769,pose,-0.13403593003749847,-0.8709661364555359,0.04692402854561806,-0.0003922867472283542
1790756604537193056,pose,-0.13217003643512726,-0.8719595074653625,0.0473158024251461,-0.00027102878084406257
1790756604625423990,pose,-0.13126800954341888,-0.8724462985992432,0.04753416031599045,-0.00021160024334676564
1790756604643689965,pose,-0.1296689361333847,-0.8733937740325928,0.04825660586357117,-9.676535410108045e-05
1790756604651541821,pose,-0.12889650464057922,-0.8738569617271423,0.04863647371530533,-3.954321800847538e-05
1790756604657484936,pose,-0.12814174592494965,-0.8743134140968323,0.049028340727090836,1.8119233573088422e-05
1790756604764295396,pose,-0.12740427255630493,-0.8747631907463074,0.049431826919317245,7.242566061904654e-05
1790756604771637229,pose,-0.12668365240097046,-0.8752065300941467,0.04984196648001671,0.0001242561702383682
1790756604778022942,pose,-0.12597955763339996,-0.8756437301635742,0.050263434648513794,0.00017618270067032427
1790756604862238466,pose,-0.12463271617889404,-0.8764967322349548,0.05113920569419861,0.00027893923106603324
1790756604876500943,pose,-0.12398901581764221,-0.8769130110740662,0.0515931211411953,0.00029999142861925066
1790756604885632606,pose,-0.12336019426584244,-0.8773235082626343,0.052057549357414246,0.00032341977930627763
1790756604993972850,pose,-0.12214440852403641,-0.8781258463859558,0.05300634726881981,0.00036456159432418644
1790756604994844906,pose,-0.12155524641275406,-0.8785164952278137,0.05349567160010338,0.00038488759309984744
1790756605003537208,pose,-0.12097813189029694,-0.8789001703262329,0.05399457737803459,0.0004053681041114032
1790756605101202863,pose,-0.12041278928518295,-0.8792769312858582,0.054502878338098526,0.0004207372257951647
1790756605113857927,pose,-0.11967993527650833,-0.8795169591903687,0.054547302424907684,0.00043437970452941954
1790756605124915626,pose,-0.11895506083965302,-0.8797537088394165,0.054609864950180054,0.00043880558223463595
1790756605131859787,pose,-0.11824461072683334,-0.8799861669540405,0.05469314008951187,0.0004421778139658272
1790756605192843231,pose,-0.11686654388904572,-0.880439281463623,0.054919611662626266,0.00044389546383172274
1790756605215282641,pose,-0.11619982868432999,-0.8806615471839905,0.055061742663383484,0.00044101267121732235
1790756605215745336,pose,-0.11554785817861557,-0.8808813691139221,0.05522238835692406,0.000435840105637908
1790756605355197096,pose,-0.11428667604923248,-0.8813139200210571,0.05558817833662033,0.0004256754764355719
1790756605355580641,pose,-0.11367668211460114,-0.881526529788971,0.05579725280404091,0.0004194962384644896
1790756605360743038,pose,-0.11309657245874405,-0.8817318081855774,0.05602302402257919,0.0004119601217098534
1790756605460031110,pose,-0.11252949386835098,-0.8819348216056824,0.05626513808965683,0.00039117204141803086
1790756605467695594,pose,-0.11197512596845627,-0.8821355104446411,0.056523166596889496,0.0003699717635754496
1790756605476659480,pose,-0.11090349406003952,-0.8825300335884094,0.0570804737508297,0.00032756279688328505
1790756605549904777,pose,-0.11038568615913391,-0.8827239871025085,0.057379100471735,0.00030688263359479606
1790756605563310080,pose,-0.10973871499300003,-0.8827205896377563,0.0574500598013401,0.00028589338762685657
1790756605571226291,pose,-0.10911967605352402,-0.8827183842658997,0.05756514146924019,0.0002510883205104619
1790756605579574291,pose,-0.10795619338750839,-0.8827227354049683,0.057897504419088364,0.00018099596491083503
1790756605652012186,pose,-0.1074063777923584,-0.8827289342880249,0.058105528354644775,0.00014695321442559361
1790756605654776795,pose,-0.10687366873025894,-0.8827357292175293,0.058338552713394165,0.00011210213415324688
1790756605679859337,pose,-0.10635656118392944,-0.8827430009841919,0.05859394371509552,7.777491555316374e-05
1790756605816828570,pose,-0.10585391521453857,-0.8827506303787231,0.05886966362595558,3.576511880964972e-05
1790756605828116493,pose,-0.10536491125822067,-0.8827586770057678,0.05916396155953407,-2.9592858936666744e-06
1790756605847533063,pose,-0.10439790040254593,-0.882928192615509,0.06124916672706604,-7.382886542472988e-05
1790756605942895864,pose,-0.10394693166017532,-0.8829367756843567,0.0615868978202343,-0.00013080982898827642
1790756605961965151,pose,-0.10352606326341629,-0.8829451203346252,0.06193878874182701,-0.00017561599088367075
1790756605967124934,pose,-0.10311558842658997,-0.8829534649848938,0.06230420619249344,-0.00022149225696921349
1790756605987165407,pose,-0.1027151420712471,-0.8829618096351624,0.06268256902694702,-0.0002670479298103601
1790756606081286183,pose,-0.10252179950475693,-0.882837176322937,0.06294862926006317,-0.0003060954622924328
1790756606086304123,pose,-0.10233170539140701,-0.882716178894043,0.0632246807217598,-0.0003396950487513095
1790756606095461639,pose,-0.10214480757713318,-0.8825986385345459,0.0635155737400055,-0.0003718909283634275
1790756606189944472,pose,-0.10196113586425781,-0.8824845552444458,0.0638207346200943,-0.00040122930658981204
1790756606201871103,pose,-0.10178054869174957,-0.8823737502098083,0.06413979083299637,-0.0004306988266762346
1790756606211643769,pose,-0.10143005102872849,-0.8821696639060974,0.06481801718473434,-0.00048380601219832897
1790756606302950458,pose,-0.1012602299451828,-0.8820760846138,0.06516963988542557,-0.0004979505320079625
1790756606323375998,pose,-0.10093043744564056,-0.8818974494934082,0.0659104585647583,-0.0005273339338600636
1790756606331883683,pose,-0.10075023025274277,-0.8818009495735168,0.06621258705854416,-0.0005403629620559514
1790756606425893387,pose,-0.10057824105024338,-0.8817101716995239,0.06654801964759827,-0.0005523333675228059
1790756606443219365,pose,-0.10039368271827698,-0.88176029920578,0.06837237626314163,-0.0005572998779825866
1790756606445715777,pose,-0.10023699700832367,-0.8816790580749512,0.06875298917293549,-0.000578985083848238
1790756606552184788,pose,-0.10021285712718964,-0.8812639713287354,0.06817995756864548,-0.0005950437625870109
1790756606584188581,pose,-0.100196473300457,-0.8808898329734802,0.06779585033655167,-0.0006152468267828226
1790756606586449758,pose,-0.1001855805516243,-0.8805486559867859,0.06755540519952774,-0.0006337701342999935
1790756606596153510,pose,-0.10017199069261551,-0.880207359790802,0.06728644669055939,-0.000647492881398648
1790756606706993074,pose,-0.10016349703073502,-0.8798950910568237,0.06714341789484024,-0.0006606162060052156
1790756606725671337,pose,-0.10015866160392761,-0.8796066641807556,0.06709799915552139,-0.0006706478889100254
1790756606726320586,pose,-0.10015662759542465,-0.8793378472328186,0.0671294778585434,-0.000680316356010735
1790756606828105731,pose,-0.10014665871858597,-0.879092276096344,0.06722254306077957,-0.0006888274801895022
1790756606840515612,pose,-0.10013307631015778,-0.878640353679657,0.06754285842180252,-0.000679738586768508
1790756606851268771,pose,-0.10012868791818619,-0.8784306049346924,0.06775500625371933,-0.0006742769037373364
1790756606856933994,pose,-0.10012562572956085,-0.8782298564910889,0.06799697130918503,-0.000669195200316608
1790756606964560826,pose,-0.1001238077878952,-0.8780372142791748,0.06826479732990265,-0.0006640110514126718
1790756606969153173,pose,-0.10012317448854446,-0.8778518438339233,0.06855522841215134,-0.000657782016787678
1790756606976951413,pose,-0.10003915429115295,-0.8779558539390564,0.06849607080221176,-0.0006514871492981911
1790756607070846824,pose,-0.09996498376131058,-0.8780567646026611,0.06846098601818085,-0.0006335594225674868
1790756607099260465,pose,-0.09989457577466965,-0.8781569600105286,0.06845229119062424,-0.0006255703046917915
1790756607099782707,pose,-0.09966464340686798,-0.8784038424491882,0.06755504757165909,-0.0006063551409170032
1790756607195368671,pose,-0.09957421571016312,-0.8785179257392883,0.06731962412595749,-0.0005965034943073988
1790756607215689575,pose,-0.09948176890611649,-0.8786343336105347,0.0670551285147667,-0.000586877460591495
1790756607216270259,pose,-0.09941980987787247,-0.8787496089935303,0.06690960377454758,-0.0005763468216173351
1790756607223751685,pose,-0.09936752915382385,-0.8788610696792603,0.06685655564069748,-0.0005671045510098338
1790756607346209619,pose,-0.09932324290275574,-0.8789697289466858,0.0668763741850853,-0.0005578974960371852
1790756607355752287,pose,-0.09928564727306366,-0.8790761828422546,0.06695465743541718,-0.0005486480658873916
1790756607360650628,pose,-0.09922635555267334,-0.879284679889679,0.06723165512084961,-0.0005286656669341028
1790756607466146966,pose,-0.09920337051153183,-0.8793874979019165,0.06742356717586517,-0.0005181973101571202
1790756607475314576,pose,-0.09899501502513885,-0.8796644806861877,0.06727481633424759,-0.0005098757683299482
1790756607496882176,pose,-0.09879720956087112,-0.8799359202384949,0.06716467440128326,-0.0004945903201587498
1790756607591242715,pose,-0.09860894829034805,-0.8802026510238647,0.0670887678861618,-0.0004790104867424816
1790756607592200505,pose,-0.09841105341911316,-0.8804651498794556,0.06703826040029526,-0.0004641409614123404
1790756607601484819,pose,-0.09801436960697174,-0.8809998035430908,0.06689717620611191,-0.0003909295191988349
1790756607612035177,pose,-0.09782113879919052,-0.8812676668167114,0.06683360785245895,-0.00035392094287090003
1790756607735200284,pose,-0.09764024615287781,-0.8815287351608276,0.06681645661592484,-0.0003177442995365709
1790756607750561996,pose,-0.09747015684843063,-0.8817843198776245,0.06683869659900665,-0.00028038673917762935
1790756607757104236,pose,-0.09715819358825684,-0.8822816610336304,0.06696923822164536,-0.00020889642473775893
1790756607850768923,pose,-0.09698686748743057,-0.8825103044509888,0.06707669794559479,-0.0001734297111397609
1790756607862913322,pose,-0.09677180647850037,-0.8827696442604065,0.06697947531938553,-0.00013517359911929816
1790756607871312857,pose,-0.09669679403305054,-0.8833640217781067,0.06629064679145813,-9.605382365407422e-05
1790756607939353521,pose,-0.09657159447669983,-0.8844725489616394,0.06520617008209229,-1.1572909897950012e-05
1790756607950089915,pose,-0.0965186133980751,-0.8849954009056091,0.06478089094161987,3.164956797263585e-05
1790756607962427151,pose,-0.09647078067064285,-0.8855015635490417,0.06441758573055267,7.357245340244845e-05
1790756608022327305,pose,-0.09642751514911652,-0.8859931826591492,0.06410762667655945,0.00011375675239833072
1790756608031625759,pose,-0.09634390473365784,-0.886942982673645,0.06362158060073853,0.0001932976592797786
1790756608044166048,pose,-0.09630726277828217,-0.8874021768569946,0.0634315088391304,0.0002310789277544245
1790756608053778330,pose,-0.09627360850572586,-0.8878524303436279,0.0632748156785965,0.0002696154115255922
1790756608112940538,pose,-0.09624268859624863,-0.8882943391799927,0.0631486102938652,0.00030838834936730564
1790756608124550725,pose,-0.09618856012821198,-0.8891559839248657,0.06297875195741653,0.00038166745798662305
1790756608135232246,pose,-0.09616495668888092,-0.8895764946937561,0.06293154507875443,0.00041558995144441724
1790756608266956241,pose,-0.09613919258117676,-0.8899834156036377,0.06290274858474731,0.00045056347153149545
1790756608275855535,pose,-0.0961156114935875,-0.8903844952583313,0.06289619952440262,0.00047256285324692726
1790756608284326850,pose,-0.09546288847923279,-0.890385627746582,0.06223636865615845,0.0004917967016808689
1790756608352458309,pose,-0.09515261650085449,-0.8903898000717163,0.06194884330034256,0.0004917564801871777
1790756608370718110,pose,-0.09485257416963577,-0.8903962969779968,0.0616881437599659,0.0004896710743196309
1790756608371578287,pose,-0.09456243366003036,-0.8904050588607788,0.061449918895959854,0.0004879777261521667
1790756608384415067,pose,-0.09401105344295502,-0.8904284238815308,0.06104743108153343,0.0004804014752153307
1790756608527593159,pose,-0.09374401718378067,-0.8904382586479187,0.0608818456530571,0.0004753947432618588
1790756608540510857,pose,-0.09348612278699875,-0.8904497623443604,0.06073909252882004,0.00046889958321116865
1790756608545848353,pose,-0.09299664944410324,-0.89047771692276,0.06051650270819664,0.0004518344940152019
1790756608669126908,pose,-0.09276440739631653,-0.8904937505722046,0.060435593128204346,0.000442051503341645
1790756608680276606,pose,-0.09254027158021927,-0.8905110359191895,0.0603751502931118,0.00043126207310706377
1790756608698247375,pose,-0.09232406318187714,-0.8905295729637146,0.06033462658524513,0.00042061807471327484
1790756608797586935,pose,-0.09211564809083939,-0.8905493021011353,0.060313630849123,0.0004111706221010536
1790756608798490556,pose,-0.09157149493694305,-0.8904855251312256,0.06057029962539673,0.00039793518953956664
1790756608810539805,pose,-0.09106157720088959,-0.8904212117195129,0.060838136821985245,0.00037531767156906426
1790756608819979890,pose,-0.0900849923491478,-0.8903009295463562,0.061395660042762756,0.00027448954642750323
1790756608908326822,pose,-0.08961755782365799,-0.8902446627616882,0.06169022247195244,0.00022464081121142954
1790756608921116585,pose,-0.0891636312007904,-0.890190839767456,0.06199505925178528,0.0001745260669849813
1790756608926321172,pose,-0.08872295916080475,-0.8901394009590149,0.06230998784303665,0.0001246343890670687
1790756609027160604,pose,-0.08787990361452103,-0.8900441527366638,0.06296230852603912,2.7796952053904533e-05
1790756609041191108,pose,-0.08747676014900208,-0.8900001049041748,0.06329930573701859,-1.9909884940716438e-05
1790756609051450656,pose,-0.08669199049472809,-0.889919638633728,0.06400127708911896,-0.00011285857181064785
1790756609149338038,pose,-0.0863168016076088,-0.8898828029632568,0.06436590105295181,-0.000155073226778768
1790756609163201833,pose,-0.08595266193151474,-0.8898482918739319,0.06473932415246964,-0.00019820459419861436
1790756609168937625,pose,-0.08559930324554443,-0.8898159861564636,0.06511374562978745,-0.00024258092162199318
1790756609256055799,pose,-0.08525639772415161,-0.889785647392273,0.06549687683582306,-0.0002863534027710557
1790756609269054254,pose,-0.08510590344667435,-0.8898670077323914,0.06583233177661896,-0.00032933661714196205
1790756609277675754,pose,-0.08481843769550323,-0.8900288939476013,0.06652926653623581,-0.0004090496222488582
1790756609295568146,pose,-0.08465230464935303,-0.8901095986366272,0.06680625677108765,-0.00044776094728149474
1790756609387805005,pose,-0.08450459688901901,-0.8901969194412231,0.06710419058799744,-0.00048770575085654855
1790756609395986071,pose,-0.08436646312475204,-0.8902837038040161,0.06742674857378006,-0.0005299863405525684
1790756609406250566,pose,-0.08411409705877304,-0.8904560804367065,0.06813068687915802,-0.0006101834587752819
1790756609464364115,pose,-0.08399820327758789,-0.8905419111251831,0.06850672513246536,-0.0006481268210336566
1790756609479455282,pose,-0.08388829231262207,-0.8906274437904358,0.06889607012271881,-0.0006845072493888438
1790756609483816918,pose,-0.083783820271492,-0.8907126784324646,0.06928849965333939,-0.0007202235283330083
1790756609493081491,pose,-0.08358974009752274,-0.8908824920654297,0.07010484486818314,-0.0007895092130638659
1790756609559300777,pose,-0.08349941670894623,-0.8909674286842346,0.070527084171772,-0.0008214760455302894
1790756609571183681,pose,-0.08343254029750824,-0.891055166721344,0.07095769792795181,-0.0008510563056915998
1790756609585609090,pose,-0.08382703363895416,-0.8912010788917542,0.07176803052425385,-0.0008942226995714009
1790756609650041114,pose,-0.08459573984146118,-0.8914889693260193,0.07335829734802246,-0.0009649106068536639
1790756609660854231,pose,-0.08497055619955063,-0.8916313052177429,0.0741487443447113,-0.0009981173789128661
1790756609672608233,pose,-0.08533953875303268,-0.8917726278305054,0.07493624091148376,-0.001029882812872529
1790756609746970877,pose,-0.08570299297571182,-0.8919128775596619,0.07572079449892044,-0.0010608898010104895
1790756609763609834,pose,-0.08641749620437622,-0.8921850919723511,0.07728151232004166,-0.0011215434642508626
1790756609767836070,pose,-0.08676888793706894,-0.8923170566558838,0.07804607599973679,-0.001160876010544598
1790756609959992795,pose,-0.08711567521095276,-0.8924482464790344,0.07880845665931702,-0.0011987980687990785
1790756609963175350,pose,-0.08745801448822021,-0.892578661441803,0.07956865429878235,-0.0012359467800706625
1790756609975034846,pose,-0.08813035488128662,-0.8928370475769043,0.0810832530260086,-0.0013059675693511963
1790756609984357413,pose,-0.08846089243888855,-0.8929651379585266,0.0818377435207367,-0.0013395969290286303
1790756610084995417,pose,-0.08878789842128754,-0.8930923938751221,0.08257883042097092,-0.0013715187087655067
1790756610091431798,pose,-0.08911161869764328,-0.8932189345359802,0.08331865817308426,-0.0014019617810845375
1790756610098017708,pose,-0.08955702930688858,-0.8937299251556396,0.08528230339288712,-0.0014488885644823313
1790756610178040654,pose,-0.08977615088224411,-0.8939801454544067,0.0862511396408081,-0.0014638560824096203
1790756610191231189,pose,-0.08999309688806534,-0.8942269086837769,0.08721152693033218,-0.0014794960152357817
1790756610199391140,pose,-0.09020783007144928,-0.8944703936576843,0.08814945071935654,-0.0014937905361875892
1790756610300338175,pose,-0.09042054414749146,-0.8947107791900635,0.08907989412546158,-0.001506452914327383
1790756610312013042,pose,-0.09063127636909485,-0.8949481844902039,0.09000314027070999,-0.0015189300756901503
1790756610314746693,pose,-0.09104683250188828,-0.8954142928123474,0.0918288454413414,-0.001540978904813528
1790756610398533844,pose,-0.09125787764787674,-0.8956528306007385,0.092731773853302,-0.0015502080786973238
1790756610415195051,pose,-0.09146711975336075,-0.8958887457847595,0.09361342340707779,-0.0015582423657178879
1790756610419289276,pose,-0.09167469292879105,-0.8961218595504761,0.09448930621147156,-0.0015655283350497484
1790756610426674589,pose,-0.09208496659994125,-0.896579921245575,0.09622489660978317,-0.0015794455539435148
1790756610531340204,pose,-0.09228787571191788,-0.8968051671981812,0.09708502143621445,-0.0015837523387745023
1790756610540058567,pose,-0.09282602369785309,-0.8970420956611633,0.09767952561378479,-0.001587425358593464
1790756610549873842,pose,-0.09335632622241974,-0.8972764015197754,0.0982760563492775,-0.00158832932356745
1790756610623835248,pose,-0.094410739839077,-0.8977525234222412,0.09944780170917511,-0.0015825784066691995
1790756610646586668,pose,-0.09493520110845566,-0.8979943990707397,0.10003721714019775,-0.001585687743499875
1790756610648309895,pose,-0.09545251727104187,-0.8982337713241577,0.10062899440526962,-0.0015870047500357032
1790756610744966528,pose,-0.0959630087018013,-0.8984706401824951,0.10122314840555191,-0.0015882301377132535
1790756610752742587,pose,-0.09646705538034439,-0.8987051248550415,0.10181979089975357,-0.0015899974387139082
1790756610763648637,pose,-0.09696487337350845,-0.8989373445510864,0.10240522027015686,-0.0015889541245996952
1790756610772512839,pose,-0.09745670855045319,-0.8991674184799194,0.10299339890480042,-0.001587702427059412
1790756610843014721,pose,-0.09856297075748444,-0.8997422456741333,0.10481248050928116,-0.0015831106575205922
1790756610854445532,pose,-0.09904734045267105,-0.8999541997909546,0.10540952533483505,-0.00158188387285918
1790756610862977835,pose,-0.09952645748853683,-0.9001642465591431,0.10600915551185608,-0.0016005400102585554
1790756610922153191,pose,-0.10046977549791336,-0.9005792737007141,0.10718624293804169,-0.0016277834074571729
1790756610939314288,pose,-0.10097360610961914,-0.9006596803665161,0.10784692317247391,-0.0016396800056099892
1790756610943864534,pose,-0.10147114843130112,-0.9007413983345032,0.10850938409566879,-0.0016502785729244351
1790756611031661401,pose,-0.10196258127689362,-0.9008245468139648,0.10917358100414276,-0.0016612631734460592
1790756611042031943,pose,-0.10292810201644897,-0.9009947180747986,0.1104910597205162,-0.0016821356257423759
1790756611051301876,pose,-0.10341499000787735,-0.90107262134552,0.11114481091499329,-0.0016915778396651149
1790756611119493260,pose,-0.10389651358127594,-0.901151716709137,0.1118006706237793,-0.0017151541542261839
1790756611134101173,pose,-0.10439980030059814,-0.9012308716773987,0.11241606622934341,-0.0017390662105754018
1790756611139281742,pose,-0.10489119589328766,-0.9013112783432007,0.11304420977830887,-0.0017631588270887733
1790756611148731713,pose,-0.10584461688995361,-0.9014754295349121,0.11431300640106201,-0.0018105049384757876
1790756611335631681,pose,-0.1063089519739151,-0.9015589952468872,0.11495111137628555,-0.0018337088404223323
1790756611349766427,pose,-0.10721728205680847,-0.9017289280891418,0.11624541133642197,-0.0018803839338943362
1790756611359005473,pose,-0.10777206718921661,-0.9016758799552917,0.11640985310077667,-0.0019051051931455731
1790756611440276652,pose,-0.10830581933259964,-0.9016318917274475,0.11661358922719955,-0.0019358795834705234
1790756611455809131,pose,-0.10882209986448288,-0.9015954732894897,0.11686331778764725,-0.0019663753919303417
1790756611463686714,pose,-0.1093238815665245,-0.9015655517578125,0.11715032160282135,-0.00199695467017591
1790756611470014108,pose,-0.11029253900051117,-0.901522159576416,0.11781109869480133,-0.0020574152003973722
1790756611562874502,pose,-0.1107625663280487,-0.9015073180198669,0.11817588657140732,-0.002085205167531967
1790756611579914932,pose,-0.11122456192970276,-0.9014963507652283,0.11855930835008621,-0.002115291077643633
1790756611583224875,pose,-0.11166442930698395,-0.9014984369277954,0.1189427301287651,-0.0021433150395751
1790756611718525410,pose,-0.11252664029598236,-0.901511013507843,0.1197526678442955,-0.002169981598854065
1790756611731813573,pose,-0.1129501685500145,-0.9015212655067444,0.12017647922039032,-0.002181742573156953
1790756611735251625,pose,-0.11336924135684967,-0.9015337824821472,0.12061141431331635,-0.0021918276324868202
1790756611825795855,pose,-0.11378423124551773,-0.9015483856201172,0.12105666100978851,-0.0022021338809281588
1790756611840916477,pose,-0.11419541388750076,-0.9015649557113647,0.12149496376514435,-0.002211230341345072
1790756611848649051,pose,-0.11460309475660324,-0.9015834331512451,0.12194287031888962,-0.0022209768649190664
1790756611862949281,pose,-0.11511952430009842,-0.9009391069412231,0.12194432318210602,-0.0022316176909953356
1790756611945995420,pose,-0.11563058942556381,-0.9003095626831055,0.1219663918018341,-0.00225807330571115
1790756611957596799,pose,-0.11613540351390839,-0.8996966481208801,0.12200821936130524,-0.0022867119405418634
1790756611965498580,pose,-0.11663419753313065,-0.8990997672080994,0.1220688596367836,-0.0023127258755266666
1790756612033795593,pose,-0.11761472374200821,-0.8979516625404358,0.12221644073724747,-0.002362101338803768
1790756612045765353,pose,-0.11809694021940231,-0.897399365901947,0.12231653183698654,-0.002386942505836487
1790756612048538400,pose,-0.11857406795024872,-0.8968608379364014,0.1224333643913269,-0.002410048386082053
1790756612168185239,pose,-0.11904630810022354,-0.8963355422019958,0.12256640940904617,-0.0024349598679691553
1790756612176472552,pose,-0.11954360455274582,-0.8958246111869812,0.12271522730588913,-0.0024572850670665503
1790756612191480187,pose,-0.12003612518310547,-0.8953260779380798,0.122864730656147,-0.0025012800469994545
1790756612297911710,pose,-0.12054871022701263,-0.8947817087173462,0.12293785065412521,-0.0025385923217982054
1790756612306551194,pose,-0.12105067819356918,-0.894263505935669,0.12304918467998505,-0.002575829392299056
1790756612315712783,pose,-0.12202868610620499,-0.893291711807251,0.1233644038438797,-0.002643388696014881
1790756612326139622,pose,-0.12190590053796768,-0.8927838802337646,0.1235942393541336,-0.0026760967448353767
1790756612386222499,pose,-0.12179591506719589,-0.8922938704490662,0.12382970750331879,-0.0027031840290874243
1790756612403200391,pose,-0.1216655969619751,-0.8917636275291443,0.12400098145008087,-0.0027307788841426373
1790756612411363219,pose,-0.12146041542291641,-0.8907848000526428,0.12445172667503357,-0.002785343211144209
1790756612525960437,pose,-0.12138092517852783,-0.8903288245201111,0.1247195303440094,-0.0028111874125897884
1790756612537469890,pose,-0.12131445854902267,-0.8898913264274597,0.12501022219657898,-0.0028368434868752956
1790756612547205569,pose,-0.1212596744298935,-0.8894702792167664,0.1253053843975067,-0.0028654939960688353
1790756612642024844,pose,-0.12121553719043732,-0.8890641927719116,0.12561875581741333,-0.0028908634558320045
1790756612656319151,pose,-0.12118110060691833,-0.8886715769767761,0.12594835460186005,-0.0029157395474612713
1790756612665029343,pose,-0.12115570902824402,-0.8882912993431091,0.12629255652427673,-0.002939264290034771
1790756612760254844,pose,-0.1211128905415535,-0.8878939151763916,0.12657763063907623,-0.002959680976346135
1790756612778780881,pose,-0.1210436299443245,-0.8871185779571533,0.12714196741580963,-0.0029766035731881857
1790756612779609208,pose,-0.12164610624313354,-0.8871117234230042,0.12762488424777985,-0.002984781051054597
1790756612791527131,pose,-0.12223216891288757,-0.887107253074646,0.1281309872865677,-0.0029997145757079124
1790756612869409950,pose,-0.12280432134866714,-0.8871046900749207,0.12865567207336426,-0.0030121023301035166
1790756612879101014,pose,-0.12391462922096252,-0.8871036767959595,0.1297300159931183,-0.0030375083442777395
1790756612890082681,pose,-0.12445267289876938,-0.887113094329834,0.13027580082416534,-0.0030465968884527683
1790756612991131022,pose,-0.12498309463262558,-0.8871229887008667,0.13083100318908691,-0.0030534362886101007
1790756612999260949,pose,-0.12550672888755798,-0.8871334195137024,0.1313943862915039,-0.0030587143264710903
1790756613007576841,pose,-0.1260242760181427,-0.8871442675590515,0.13196498155593872,-0.0030639341566711664
1790756613118621473,pose,-0.12704330682754517,-0.8871669173240662,0.13312457501888275,-0.003073589177802205
1790756613136959966,pose,-0.12808142602443695,-0.8871778249740601,0.13418003916740417,-0.0030831529293209314
1790756613138725473,pose,-0.12856319546699524,-0.8871797919273376,0.13473181426525116,-0.003087718039751053
1790756613147456943,pose,-0.1290389448404312,-0.8871832489967346,0.13529586791992188,-0.00308264815248549
1790756613235978812,pose,-0.12954960763454437,-0.8873254060745239,0.13629819452762604,-0.003077973145991564
1790756613243457461,pose,-0.13005483150482178,-0.8874650001525879,0.13727328181266785,-0.0030585145577788353
1790756613255372017,pose,-0.13055528700351715,-0.8876023292541504,0.13824248313903809,-0.0030371013563126326
1790756613343819314,pose,-0.13105154037475586,-0.887737512588501,0.13920609652996063,-0.003014498623088002
1790756613352194048,pose,-0.1315440684556961,-0.8878706693649292,0.14016424119472504,-0.002991288434714079
1790756613363511698,pose,-0.1329795867204666,-0.8882102966308594,0.14306522905826569,-0.0029414950404316187
1790756613465323913,pose,-0.13345685601234436,-0.8883337378501892,0.14400987327098846,-0.0029090119060128927
1790756613476954501,pose,-0.1339317262172699,-0.888455867767334,0.14492885768413544,-0.0028786547482013702
1790756613485281636,pose,-0.13440443575382233,-0.8885769248008728,0.1458437293767929,-0.0028529891278594732
1790756613495311309,pose,-0.13534390926361084,-0.8888159394264221,0.1476622372865677,-0.0028039540629833937
1790756613566050836,pose,-0.13581113517284393,-0.8889338970184326,0.14856626093387604,-0.002780316164717078
1790756613578159723,pose,-0.13627687096595764,-0.8890506029129028,0.14946703612804413,-0.0027566230855882168
1790756613588111921,pose,-0.13674122095108032,-0.8891662955284119,0.1503424048423767,-0.0027342631947249174
1790756613716894669,pose,-0.1366911232471466,-0.8890597820281982,0.1514148712158203,-0.0026893813628703356
1790756613736230846,pose,-0.13619880378246307,-0.8888457417488098,0.15163077414035797,-0.0026858258061110973
1790756613743768790,pose,-0.13572657108306885,-0.8886386752128601,0.15186256170272827,-0.0026825242675840855
1790756613837949302,pose,-0.1352737843990326,-0.8884385228157043,0.15210981667041779,-0.00267789326608181
1790756613855335064,pose,-0.13483993709087372,-0.8882449865341187,0.15235361456871033,-0.0026747288648039103
1790756613862579409,pose,-0.13442449271678925,-0.8880578875541687,0.15261241793632507,-0.0026721965987235308
1790756613953528429,pose,-0.13402679562568665,-0.8878771066665649,0.15288591384887695,-0.002669928828254342
1790756613963820158,pose,-0.13364629447460175,-0.8877023458480835,0.15317361056804657,-0.0026677085552364588
1790756613971354713,pose,-0.13257049024105072,-0.8872188925743103,0.15333442389965057,-0.0026691679377108812
1790756613982174827,pose,-0.13212460279464722,-0.8870117664337158,0.15350855886936188,-0.0026721274480223656
1790756614064380916,pose,-0.13136638700962067,-0.8866468667984009,0.15400266647338867,-0.002680552424862981
1790756614071293069,pose,-0.13104021549224854,-0.8864836096763611,0.15430542826652527,-0.0026866390835493803
1790756614187572425,pose,-0.13057249784469604,-0.8866665363311768,0.15421000123023987,-0.002692235168069601
1790756614207541908,pose,-0.13013595342636108,-0.8868474364280701,0.1541389524936676,-0.0026604486629366875
1790756614208147288,pose,-0.1297268271446228,-0.8870266675949097,0.1541057527065277,-0.0026301045436412096
1790756614211356182,pose,-0.12936298549175262,-0.8872082829475403,0.15410596132278442,-0.0026009168941527605
1790756614296575524,pose,-0.12949605286121368,-0.8874732255935669,0.15517528355121613,-0.002590102842077613
1790756614312752429,pose,-0.12917613983154297,-0.8876527547836304,0.15523435175418854,-0.002578253159299493
1790756614320946257,pose,-0.1288745105266571,-0.887831449508667,0.15531820058822632,-0.00257088802754879
1790756614328772775,pose,-0.12858988344669342,-0.8880094289779663,0.15540704131126404,-0.0025639289524406195
1790756614438731054,pose,-0.12832151353359222,-0.8881868124008179,0.15551792085170746,-0.002554534235969186
1790756614439689455,pose,-0.12806862592697144,-0.8883635401725769,0.1556495875120163,-0.0025465881917625666
1790756614454849374,pose,-0.1275431513786316,-0.8887211084365845,0.15587911009788513,-0.0025334693491458893
1790756614557925693,pose,-0.12728415429592133,-0.8889003992080688,0.15599825978279114,-0.002531069330871105
1790756614569096692,pose,-0.12683701515197754,-0.8892548084259033,0.15629740059375763,-0.0025230455212295055
1790756614577432102,pose,-0.12652522325515747,-0.8895820379257202,0.15669205784797668,-0.0025175409391522408
1790756614691596328,pose,-0.1262357532978058,-0.88990318775177,0.15710394084453583,-0.002517882501706481
1790756614698639710,pose,-0.12596671283245087,-0.89021897315979,0.15753135085105896,-0.0025190042797476053
1790756614709076337,pose,-0.12571652233600616,-0.8905298113822937,0.1579728126525879,-0.0025196876376867294
1790756614718435044,pose,-0.12548400461673737,-0.8908360600471497,0.1584070324897766,-0.002520402194932103
1790756614791568484,pose,-0.12527990341186523,-0.8911406993865967,0.1588539034128189,-0.0025203584227710962
1790756614799608880,pose,-0.12509138882160187,-0.8914413452148438,0.15931256115436554,-0.002525642514228821
1790756614812694899,pose,-0.12458678334951401,-0.8920900225639343,0.16005708277225494,-0.0025367808993905783
1790756614920309089,pose,-0.12431325763463974,-0.8924247622489929,0.16037268936634064,-0.002542511560022831
1790756614932173598,pose,-0.12389782071113586,-0.8930545449256897,0.16115181148052216,-0.002557797357439995
1790756614943119584,pose,-0.12371492385864258,-0.893348217010498,0.16159579157829285,-0.0025659946259111166
1790756615036776518,pose,-0.12350829690694809,-0.8936500549316406,0.16200301051139832,-0.0025501346681267023
1790756615046037436,pose,-0.12343215197324753,-0.8931115865707397,0.16228920221328735,-0.0025330691132694483
1790756615056455884,pose,-0.1233825758099556,-0.8926101922988892,0.16259370744228363,-0.0025261426344513893
1790756615123553699,pose,-0.12335540354251862,-0.8921400904655457,0.16293275356292725,-0.002522234572097659
1790756615140361439,pose,-0.12335643917322159,-0.8912767767906189,0.163692906498909,-0.0025125627871602774
1790756615145929186,pose,-0.12338034063577652,-0.8908774256706238,0.16410614550113678,-0.0025086612440645695
1790756615153480858,pose,-0.12340067327022552,-0.890502393245697,0.164537712931633,-0.002503421390429139
1790756615277374189,pose,-0.12347789853811264,-0.8897994756698608,0.16540731489658356,-0.002489726757630706
1790756615278251713,pose,-0.12353289127349854,-0.8894688487052917,0.16586357355117798,-0.002482133451849222
1790756615287414381,pose,-0.12359793484210968,-0.8891507983207703,0.16633251309394836,-0.0024752295576035976
1790756615393496204,pose,-0.12363828718662262,-0.8888026475906372,0.16675041615962982,-0.0024678173940628767
1790756615401080487,pose,-0.12369636446237564,-0.8884761333465576,0.16719532012939453,-0.0024593020789325237
1790756615415583750,pose,-0.12385670840740204,-0.8878763914108276,0.1681043952703476,-0.002441057935357094
1790756615516938581,pose,-0.12317373603582382,-0.8871415853500366,0.1686907410621643,-0.0024321433156728745
1790756615535321926,pose,-0.1225280687212944,-0.8864333629608154,0.16928930580615997,-0.0024640930350869894
1790756615536882795,pose,-0.12191635370254517,-0.8857490420341492,0.16989867389202118,-0.0024975473061203957
1790756615640116423,pose,-0.12133577466011047,-0.8850865960121155,0.17051789164543152,-0.002531470498070121
1790756615648227401,pose,-0.12078403681516647,-0.8844444155693054,0.17112353444099426,-0.0025645382702350616
1790756615660874436,pose,-0.11975996196269989,-0.88321453332901,0.17236082255840302,-0.002630718518048525
1790756615668966206,pose,-0.11928461492061615,-0.882624626159668,0.1729913353919983,-0.0026628621853888035
1790756615752148346,pose,-0.11844347417354584,-0.881503164768219,0.17427419126033783,-0.002739770570769906
1790756615752645150,pose,-0.1180543452501297,-0.8809641003608704,0.17490382492542267,-0.002785787684842944
1790756615759110682,pose,-0.11768516153097153,-0.8804386258125305,0.1755405217409134,-0.0028297193348407745
1790756615907413409,pose,-0.11733521521091461,-0.8799262046813965,0.1761840134859085,-0.002874585799872875
1790756615907956427,pose,-0.11700375378131866,-0.8794265985488892,0.1768341064453125,-0.002920350758358836
1790756615916172786,pose,-0.11669011414051056,-0.8789392709732056,0.17749060690402985,-0.002965181367471814
1790756616011591862,pose,-0.11623698472976685,-0.8789864182472229,0.17760875821113586,-0.003008987521752715
1790756616025362653,pose,-0.11580358445644379,-0.8790342211723328,0.17774616181850433,-0.003023316850885749
1790756616031618322,pose,-0.11538922041654587,-0.8790827989578247,0.17788228392601013,-0.003038444323465228
1790756616041395744,pose,-0.11499807238578796,-0.8791334629058838,0.1780371516942978,-0.0030529305804520845
1790756616169119633,pose,-0.11426903307437897,-0.8792374730110168,0.1784008890390396,-0.00307477661408484
1790756616173335248,pose,-0.11393030732870102,-0.8792909383773804,0.1786087155342102,-0.003085459815338254
1790756616195989393,pose,-0.11360816657543182,-0.8793455362319946,0.17883312702178955,-0.003094440558925271
1790756616297016895,pose,-0.11330221593379974,-0.8794012069702148,0.1790529042482376,-0.0031040918547660112
1790756616307154873,pose,-0.11301209032535553,-0.8794580698013306,0.1792888641357422,-0.0031126129906624556
1790756616314803431,pose,-0.11273745447397232,-0.8795163631439209,0.17954066395759583,-0.0031195895280689
1790756616394491667,pose,-0.11272700130939484,-0.8797205090522766,0.18122249841690063,-0.0031250554602593184
1790756616403381440,pose,-0.11250337958335876,-0.8797749876976013,0.1815209835767746,-0.0031170423608273268
1790756616414452772,pose,-0.1120980754494667,-0.8798887729644775,0.18211908638477325,-0.003099983325228095
1790756616422927763,pose,-0.11212600022554398,-0.8805012106895447,0.18193836510181427,-0.003090458922088146
1790756616504963980,pose,-0.11216144263744354,-0.8811033368110657,0.18178318440914154,-0.003056937362998724
1790756616508015448,pose,-0.11220438033342361,-0.8816953301429749,0.1816527247428894,-0.0030232577119022608
1790756616527973922,pose,-0.11231216788291931,-0.8828502893447876,0.1814454197883606,-0.0029550858307629824
1790756616704738465,pose,-0.11237684637308121,-0.8834136128425598,0.18136779963970184,-0.0029184669256210327
1790756616716096400,pose,-0.11244598031044006,-0.8839720487594604,0.18131276965141296,-0.0028817884158343077
1790756616722976064,pose,-0.11252212524414062,-0.8845217823982239,0.18127986788749695,-0.002848821459338069
1790756616807803473,pose,-0.11269526928663254,-0.885596513748169,0.18127815425395966,-0.0027809771709144115
1790756616818347615,pose,-0.11279211938381195,-0.8861219882965088,0.18130844831466675,-0.0027465790044516325
1790756616831754521,pose,-0.11289564520120621,-0.8866398334503174,0.18133921921253204,-0.0027137112338095903
1790756616847048913,pose,-0.1130058616399765,-0.887150228023529,0.18139010667800903,-0.0026796169113367796
1790756616951425439,pose,-0.11312270909547806,-0.8876532912254333,0.18146063387393951,-0.0026340947952121496
1790756616955810386,pose,-0.11324607580900192,-0.8881492614746094,0.18155023455619812,-0.002593394834548235
1790756616969014551,pose,-0.11328219622373581,-0.8897960186004639,0.18191319704055786,-0.002556962426751852
1790756617069149177,pose,-0.11335249245166779,-0.891332745552063,0.1823369413614273,-0.0024704860989004374
1790756617083503694,pose,-0.11356805264949799,-0.8941543698310852,0.1833133101463318,-0.002305273897945881
1790756617091624206,pose,-0.11370382457971573,-0.8954676389694214,0.18384817242622375,-0.002224986907094717
1790756617186034142,pose,-0.11385374516248703,-0.8967297077178955,0.1844060719013214,-0.002144705504179001
1790756617196050631,pose,-0.11401554942131042,-0.8979482054710388,0.18498273193836212,-0.0020652429666370153
1790756617207643282,pose,-0.11418740451335907,-0.8991290926933289,0.1855510175228119,-0.0019865836948156357
1790756617218051791,pose,-0.11435925960540771,-0.9002791047096252,0.18613354861736298,-0.0019078656332567334
1790756617312665613,pose,-0.11472533643245697,-0.9024947881698608,0.1873338520526886,-0.001739910920150578
1790756617320267827,pose,-0.11491803824901581,-0.9035660624504089,0.18794876337051392,-0.0016586185665801167
1790756617332290148,pose,-0.11511653661727905,-0.9046157598495483,0.18857207894325256,-0.001576781738549471
1790756617445246410,pose,-0.11532038450241089,-0.9056455492973328,0.1891784369945526,-0.001494198339059949
1790756617456182440,pose,-0.11604204773902893,-0.9080994129180908,0.19012263417243958,-0.0013361345045268536
1790756617464310649,pose,-0.11657445877790451,-0.9097735285758972,0.19029784202575684,-0.001211859635077417
1790756617541824520,pose,-0.11710324883460999,-0.911361813545227,0.19053007662296295,-0.001096256310120225
1790756617556129540,pose,-0.1176285445690155,-0.9128795862197876,0.1907826066017151,-0.0009828642942011356
1790756617574227149,pose,-0.11866936087608337,-0.9157487154006958,0.1913968175649643,-0.0007582888938486576
1790756617680050650,pose,-0.11918523907661438,-0.9171164631843567,0.19174683094024658,-0.0006469686049968004
1790756617686049758,pose,-0.11969836056232452,-0.918447732925415,0.19211983680725098,-0.0005370881408452988
1790756617693417830,pose,-0.12020906805992126,-0.9197469353675842,0.19251270592212677,-0.0004157223447691649
1790756617705681596,pose,-0.12071752548217773,-0.9210175275802612,0.19289900362491608,-0.00030347792198881507
1790756617771120496,pose,-0.12120196968317032,-0.922263503074646,0.19330163300037384,-0.000197869012481533
1790756617786613178,pose,-0.1221664696931839,-0.9246876239776611,0.19414986670017242,3.919555092579685e-05
1790756617790094189,pose,-0.12264677882194519,-0.9258691072463989,0.19459311664104462,0.00015267272829078138
1790756617859861630,pose,-0.12335408478975296,-0.9265215396881104,0.19473697245121002,0.0002629664377309382
1790756617871560734,pose,-0.12405546754598618,-0.9271678924560547,0.194900244474411,0.0003334574867039919
1790756617884174261,pose,-0.12475117295980453,-0.9278083443641663,0.19506092369556427,0.00040357137913815677
1790756618027431723,pose,-0.1254415214061737,-0.9284429550170898,0.19523969292640686,0.00047015075688250363
1790756618039111987,pose,-0.12680213153362274,-0.9296859502792358,0.19564802944660187,0.0005988071206957102
1790756618048506789,pose,-0.12747302651405334,-0.9302946925163269,0.19587646424770355,0.0006562396883964539
1790756618172212933,pose,-0.12813976407051086,-0.9308984279632568,0.19612038135528564,0.0007101580267772079
1790756618181421453,pose,-0.12880241870880127,-0.9314971566200256,0.196356862783432,0.0007628105813637376
1790756618191543372,pose,-0.1301165670156479,-0.9326798915863037,0.1968749463558197,0.0008566187461838126
1790756618199485038,pose,-0.13076840341091156,-0.9332639575004578,0.1971556395292282,0.0008992971852421761
1790756618272982011,pose,-0.13142959773540497,-0.9338798522949219,0.1973644495010376,0.0009398795082233846
1790756618281442398,pose,-0.13207247853279114,-0.9344682693481445,0.1976083219051361,0.0009789048926904798
1790756618293125088,pose,-0.13290825486183167,-0.9358568787574768,0.19775477051734924,0.001075795036740601
1790756618354630973,pose,-0.13311566412448883,-0.9366515874862671,0.1976894587278366,0.0011257239384576678
1790756618366615691,pose,-0.1333317905664444,-0.9374308586120605,0.19765739142894745,0.001173084368929267
1790756618377162860,pose,-0.13355576992034912,-0.9381961226463318,0.19765545427799225,0.0012176836607977748
1790756618453300789,pose,-0.1340246945619583,-0.9396891593933105,0.19771119952201843,0.0012980472529307008
1790756618460530876,pose,-0.13426855206489563,-0.9404189586639404,0.19776563346385956,0.0013350904919207096
1790756618472657509,pose,-0.13453003764152527,-0.9411230087280273,0.19784283638000488,0.0013691869098693132
1790756618484430375,pose,-0.13479676842689514,-0.9418176412582397,0.1979416459798813,0.0013870830880478024
1790756618559304382,pose,-0.13575592637062073,-0.9434952139854431,0.19894938170909882,0.0014286285731941462
1790756618564731815,pose,-0.13603872060775757,-0.9441646933555603,0.1990857869386673,0.0014471332542598248
1790756618573193395,pose,-0.13632594048976898,-0.9448264241218567,0.19924065470695496,0.001464037923142314
1790756618663077650,pose,-0.13661730289459229,-0.9454807043075562,0.19941338896751404,0.0014788847183808684
1790756618681310067,pose,-0.1372121274471283,-0.9467670321464539,0.19981004297733307,0.0015011265641078353
1790756618690373043,pose,-0.13646480441093445,-0.9470369815826416,0.20114701986312866,0.0014989195624366403
1790756618799462523,pose,-0.13611726462841034,-0.9471781849861145,0.20180962979793549,0.0014882941031828523
1790756618801840190,pose,-0.1357864886522293,-0.9473233222961426,0.20247656106948853,0.0014767652610316873
1790756618812780514,pose,-0.13547202944755554,-0.9474723935127258,0.20314772427082062,0.0014664141926914454
1790756618826227886,pose,-0.13517332077026367,-0.9476251006126404,0.20382311940193176,0.0014522249111905694
1790756618962369881,pose,-0.13488997519016266,-0.9477813839912415,0.20450276136398315,0.00143519532866776
1790756618969433243,pose,-0.13462160527706146,-0.9479409456253052,0.20518654584884644,0.0014181948499754071
1790756618983137219,pose,-0.1341090351343155,-0.948272705078125,0.20651555061340332,0.0013839928433299065
1790756619095139909,pose,-0.13386426866054535,-0.9484445452690125,0.20718705654144287,0.00137919036205858
1790756619113146234,pose,-0.1336333006620407,-0.9486192464828491,0.20786303281784058,0.001375109306536615
1790756619123321908,pose,-0.1332557052373886,-0.9487836956977844,0.20844101905822754,0.001370064215734601
1790756619219349191,pose,-0.13293085992336273,-0.9489532709121704,0.20902006328105927,0.0013644334394484758
1790756619230434527,pose,-0.1326492875814438,-0.9491273760795593,0.20962554216384888,0.0013574793701991439
1790756619247225756,pose,-0.13343177735805511,-0.9475702047348022,0.21098381280899048,0.001311049098148942
1790756619248339518,pose,-0.13385708630084991,-0.9468587636947632,0.2116813063621521,0.001271008513867855
1790756619344540807,pose,-0.13428105413913727,-0.9461821913719177,0.2123880684375763,0.0012051337398588657
1790756619349430398,pose,-0.13470351696014404,-0.9455366730690002,0.21307478845119476,0.0011285715736448765
1790756619356632144,pose,-0.13512443006038666,-0.9449189901351929,0.21376904845237732,0.0010552906896919012
1790756619490543690,pose,-0.1355438232421875,-0.944326639175415,0.21446983516216278,0.0009870172943919897
1790756619501113270,pose,-0.13596180081367493,-0.9437576532363892,0.21517638862133026,0.0009206408285535872
1790756619515197914,pose,-0.13679395616054535,-0.9426830410957336,0.21660442650318146,0.000790124642662704
1790756619605118661,pose,-0.13720814883708954,-0.9421749114990234,0.21729816496372223,0.0007279841229319572
1790756619609480428,pose,-0.13763107359409332,-0.9416794776916504,0.21799659729003906,0.0006677974597550929
1790756619621381995,pose,-0.13805288076400757,-0.9412012696266174,0.21869927644729614,0.0005977427354082465
1790756619635176746,pose,-0.13847361505031586,-0.940739631652832,0.21940593421459198,0.0005278533208183944
1790756619815594456,pose,-0.1391662061214447,-0.939398467540741,0.2209605723619461,0.00039038207614794374
1790756619831445492,pose,-0.13944114744663239,-0.9385285377502441,0.22180424630641937,0.00030962112941779196
1790756619847520470,pose,-0.1397182196378708,-0.9376832246780396,0.2226189523935318,0.0002297758765053004
1790756619948169865,pose,-0.14027899503707886,-0.9360629916191101,0.22424890100955963,7.126260607037693e-05
1790756619963778849,pose,-0.1405586451292038,-0.9352902173995972,0.22506409883499146,-8.897325642465148e-06
1790756619976784274,pose,-0.1412370204925537,-0.9348041415214539,0.22664441168308258,-6.901178130647168e-05
1790756620075180894,pose,-0.1414969563484192,-0.9339762330055237,0.22739656269550323,-0.00015317881479859352
1790756620078143344,pose,-0.14176540076732635,-0.9331935048103333,0.22815842926502228,-0.00022905094374436885
1790756620089817003,pose,-0.1423225849866867,-0.9317403435707092,0.22970367968082428,-0.00035737024154514074
1790756620188014202,pose,-0.1426093727350235,-0.9310615062713623,0.2304842174053192,-0.0004125810519326478
1790756620199675885,pose,-0.142900750041008,-0.9304102659225464,0.23126880824565887,-0.0004665607411880046
1790756620207445058,pose,-0.14321014285087585,-0.9297910332679749,0.23205676674842834,-0.0005188070936128497
1790756620219517821,pose,-0.1439778208732605,-0.9284046292304993,0.23369280993938446,-0.0006435920367948711
1790756620276496865,pose,-0.14443299174308777,-0.9276398420333862,0.23456759750843048,-0.0007161888061091304
1790756620292481916,pose,-0.1448884904384613,-0.9268990159034729,0.23544137179851532,-0.0007860275800339878
1790756620296686833,pose,-0.14534440636634827,-0.9261807203292847,0.23631411790847778,-0.0008524146396666765
1790756620431307382,pose,-0.14580070972442627,-0.9254839420318604,0.23718586564064026,-0.0009251279989257455
1790756620438547615,pose,-0.14668546617031097,-0.9241304993629456,0.23886601626873016,-0.0010572317987680435
1790756620449114956,pose,-0.14711450040340424,-0.9234725832939148,0.2397056668996811,-0.0010930588468909264
1790756620544478829,pose,-0.1475445032119751,-0.9228335022926331,0.24054501950740814,-0.0011251228861510754
1790756620563521000,pose,-0.14797553420066833,-0.9222126603126526,0.24138417840003967,-0.001154452795162797
1790756620566481700,pose,-0.1483815461397171,-0.9214292764663696,0.2421240657567978,-0.0011832567397505045
1790756620667643395,pose,-0.14921537041664124,-0.9200361967086792,0.24365608394145966,-0.0012353576021268964
1790756620681484010,pose,-0.14964021742343903,-0.919407844543457,0.24443994462490082,-0.0012590904952958226
1790756620690781716,pose,-0.15006394684314728,-0.9188030958175659,0.24523209035396576,-0.001279755961149931
1790756620703156037,pose,-0.14970065653324127,-0.9181216359138489,0.24567346274852753,-0.0013027222594246268
1790756620789024590,pose,-0.14936983585357666,-0.9174717664718628,0.24610397219657898,-0.0013262474676594138
1790756620798569034,pose,-0.1487920582294464,-0.916252613067627,0.2470153421163559,-0.001377065316773951
1790756620814084150,pose,-0.14853979647159576,-0.9156782627105713,0.2474924474954605,-0.0013994822511449456
1790756620909904128,pose,-0.14830926060676575,-0.9151245951652527,0.24798186123371124,-0.0014211401576176286
1790756620927157728,pose,-0.14809896051883698,-0.9145902991294861,0.24848254024982452,-0.0014401674270629883
1790756620931670602,pose,-0.14783324301242828,-0.9140001535415649,0.248899906873703,-0.0014567682519555092
1790756621026198051,pose,-0.14760392904281616,-0.913446307182312,0.24934405088424683,-0.0014684441266581416
1790756621033169777,pose,-0.14740562438964844,-0.9129234552383423,0.24981051683425903,-0.0014779566554352641
1790756621046768289,pose,-0.14708636701107025,-0.9119555950164795,0.2507971525192261,-0.0014932961203157902
1790756621053505594,pose,-0.14695994555950165,-0.9115047454833984,0.2513127028942108,-0.0014995899982750416
1790756621153616826,pose,-0.1468525528907776,-0.9110732674598694,0.2518099546432495,-0.0015042148297652602
1790756621164603005,pose,-0.14676257967948914,-0.9106593728065491,0.2523193061351776,-0.0015079437289386988
1790756621172569660,pose,-0.1460556834936142,-0.9103097319602966,0.2528543174266815,-0.001512451097369194
1790756621255072484,pose,-0.14537200331687927,-0.9099763035774231,0.2533996105194092,-0.0014944743597880006
1790756621268356295,pose,-0.1440909206867218,-0.9093515872955322,0.2545182704925537,-0.0014505534199997783
1790756621282990866,pose,-0.14349043369293213,-0.9090589880943298,0.25509050488471985,-0.0014280682662501931
1790756621379001400,pose,-0.14280059933662415,-0.9087236523628235,0.2555842399597168,-0.0014065629802644253
1790756621387005353,pose,-0.14216311275959015,-0.9084142446517944,0.256100594997406,-0.0013836172875016928
1790756621399425489,pose,-0.1409239023923874,-0.9078010320663452,0.2571306824684143,-0.0013332156231626868
1790756621410934889,pose,-0.14033877849578857,-0.907505989074707,0.25765445828437805,-0.00132004264742136
1790756621507429866,pose,-0.1398051679134369,-0.9072369337081909,0.25816792249679565,-0.001305432990193367
1790756621518077369,pose,-0.13931527733802795,-0.9069902300834656,0.2587021291255951,-0.0012921876041218638
1790756621532380419,pose,-0.138443723320961,-0.9065524339675903,0.25982075929641724,-0.0012597815366461873
1790756621623791999,pose,-0.13805361092090607,-0.9063571095466614,0.26040059328079224,-0.0012448676861822605
1790756621640594832,pose,-0.13797424733638763,-0.9057958722114563,0.26059871912002563,-0.0012274653417989612
1790756621647518196,pose,-0.1379103660583496,-0.9052577614784241,0.26078924536705017,-0.0012286260025575757
1790756621744478052,pose,-0.13776998221874237,-0.9041681289672852,0.2611454129219055,-0.0012320623500272632
1790756621752868112,pose,-0.1377064287662506,-0.9036329984664917,0.26133039593696594,-0.0012480985606089234
1790756621775940486,pose,-0.13764546811580658,-0.9026554226875305,0.2617983818054199,-0.0012830226914957166
1790756621888818909,pose,-0.1376550942659378,-0.9017764925956726,0.2623094916343689,-0.0013187875738367438
1790756621903807920,pose,-0.13768154382705688,-0.901367723941803,0.26259782910346985,-0.0013367696665227413
1790756621904749634,pose,-0.13772082328796387,-0.9009770154953003,0.26290515065193176,-0.0013551077572628856
1790756622012852370,pose,-0.1377778798341751,-0.9005870819091797,0.2632298171520233,-0.0013738891575485468
1790756622024080481,pose,-0.1379241645336151,-0.8998531103134155,0.2638958692550659,-0.0014367728726938367
1790756622039471740,pose,-0.13801206648349762,-0.8995073437690735,0.2642359435558319,-0.001470161252655089
1790756622132694333,pose,-0.1383819878101349,-0.8993311524391174,0.2642229199409485,-0.0015031677903607488
1790756622140212687,pose,-0.138754203915596,-0.8991631269454956,0.2642328143119812,-0.0015359657118096948
1790756622148898434,pose,-0.13912856578826904,-0.8990029692649841,0.2642645835876465,-0.0015690319705754519
1790756622156888448,pose,-0.13950508832931519,-0.8988503813743591,0.26431745290756226,-0.0016020984621718526
1790756622256659870,pose,-0.1402728408575058,-0.8985673189163208,0.26442697644233704,-0.0016694337828084826
1790756622266152344,pose,-0.1406637728214264,-0.8984361886978149,0.2645113170146942,-0.0017118334071710706
1790756622276517707,pose,-0.14105646312236786,-0.8983115553855896,0.26461461186408997,-0.0017531014746055007
1790756622379176985,pose,-0.1414509415626526,-0.8981932997703552,0.2647363841533661,-0.001793682691641152
1790756622385234213,pose,-0.14224570989608765,-0.8979754447937012,0.26503294706344604,-0.0018776331562548876
1790756622395604386,pose,-0.1426459401845932,-0.8978754281997681,0.26517724990844727,-0.0019175331108272076
1790756622491822409,pose,-0.14304815232753754,-0.897781252861023,0.26533859968185425,-0.001956815365701914
1790756622492353555,pose,-0.14344823360443115,-0.8976833820343018,0.265516459941864,-0.0019975160248577595
1790756622503496832,pose,-0.1442541480064392,-0.897504448890686,0.26592016220092773,-0.002114173024892807
1790756622600974518,pose,-0.1445363610982895,-0.8975323438644409,0.266024649143219,-0.0021715648472309113
1790756622621165516,pose,-0.1451139897108078,-0.8975961804389954,0.26623257994651794,-0.0022757186088711023
1790756622621835734,pose,-0.14540928602218628,-0.8976321816444397,0.2663635015487671,-0.0023268163204193115
1790756622632876519,pose,-0.14570863544940948,-0.8976708650588989,0.2665117681026459,-0.002376855816692114
1790756622726309640,pose,-0.14601190388202667,-0.897712230682373,0.2666769325733185,-0.0024256922770291567
1790756622738190698,pose,-0.1463230699300766,-0.8977584838867188,0.2668585479259491,-0.002474598353728652
1790756622746699291,pose,-0.14663788676261902,-0.8978073596954346,0.2670268416404724,-0.002514703432098031
1790756622819251175,pose,-0.14727817475795746,-0.897912859916687,0.2674121856689453,-0.002594627905637026
1790756622840055142,pose,-0.14760340750217438,-0.8979693055152893,0.26762840151786804,-0.0026315771974623203
1790756622843615452,pose,-0.1479317992925644,-0.8980282545089722,0.26785969734191895,-0.0026694266125559807
1790756622964610801,pose,-0.14826329052448273,-0.8980896472930908,0.26810580492019653,-0.0027051065117120743
1790756622979115648,pose,-0.14859798550605774,-0.8981536030769348,0.268337219953537,-0.002738774986937642
1790756622984530642,pose,-0.14893977344036102,-0.8982354402542114,0.2685835361480713,-0.0027743459213525057
1790756623057395616,pose,-0.15003351867198944,-0.8973773121833801,0.2685556709766388,-0.002860510488972068
1790756623065692826,pose,-0.15057404339313507,-0.8969699144363403,0.26857414841651917,-0.0029033829923719168
1790756623077033987,pose,-0.15111058950424194,-0.8965765237808228,0.2686134874820709,-0.0029440487269312143
1790756623086839039,pose,-0.15164323151111603,-0.8961967825889587,0.2686730623245239,-0.0029829868581146
1790756623153606654,pose,-0.15269728004932404,-0.895476222038269,0.26879432797431946,-0.0030582062900066376
1790756623163687632,pose,-0.15321898460388184,-0.895134687423706,0.2688843607902527,-0.003093862673267722
1790756623174364116,pose,-0.15373753011226654,-0.894797146320343,0.2689932882785797,-0.0031261981930583715
1790756623344485967,pose,-0.1547645926475525,-0.8941578269004822,0.2692658603191376,-0.003184010274708271
1790756623354610159,pose,-0.15527354180812836,-0.8938553929328918,0.26939910650253296,-0.0032118007075041533
1790756623363763579,pose,-0.15577958524227142,-0.8935640454292297,0.2695499658584595,-0.0032389503903687
1790756623458416294,pose,-0.15628284215927124,-0.8932836055755615,0.2697180509567261,-0.0032654216047376394
1790756623466441718,pose,-0.156783327460289,-0.893013596534729,0.26990291476249695,-0.003291441360488534
1790756623481640591,pose,-0.1579650491476059,-0.8924516439437866,0.2701769471168518,-0.0033368668518960476
1790756623495117397,pose,-0.15864159166812897,-0.8921602964401245,0.2702403664588928,-0.0033949613571166992
1790756623579658012,pose,-0.1593109667301178,-0.8918796181678772,0.2703229784965515,-0.003451026976108551
1790756623584976764,pose,-0.15997347235679626,-0.8916093707084656,0.27042433619499207,-0.003508075140416622
1790756623597588344,pose,-0.16127897799015045,-0.8910992741584778,0.2706810235977173,-0.0036149476654827595
1790756623692301333,pose,-0.16192229092121124,-0.8908589482307434,0.27083542943000793,-0.003668340388685465
1790756623703829381,pose,-0.16255953907966614,-0.8906281590461731,0.2709774076938629,-0.003719452302902937
1790756623711940072,pose,-0.16319097578525543,-0.890406608581543,0.2711365222930908,-0.003769851289689541
1790756623779841775,pose,-0.16445647180080414,-0.8900173902511597,0.27150416374206543,-0.0038730446249246597
1790756623791748230,pose,-0.16508111357688904,-0.8898356556892395,0.27171191573143005,-0.003926676232367754
1790756623803851502,pose,-0.1657007485628128,-0.8896622657775879,0.2719351053237915,-0.003979225642979145
1790756623808673131,pose,-0.16631552577018738,-0.889496922492981,0.27217334508895874,-0.004031020682305098
1790756623963681608,pose,-0.16777203977108002,-0.889345645904541,0.27215704321861267,-0.004133553244173527
1790756623966216341,pose,-0.16860753297805786,-0.8893553018569946,0.2719450891017914,-0.004181393422186375
1790756623980043055,pose,-0.16941969096660614,-0.8893671035766602,0.27175942063331604,-0.004227623809129
1790756624073967680,pose,-0.17022182047367096,-0.8893823027610779,0.2715994417667389,-0.0042655677534639835
1790756624086729606,pose,-0.1710142195224762,-0.8894007802009583,0.27146440744400024,-0.0043037026189267635
1790756624097850210,pose,-0.17257116734981537,-0.8894476294517517,0.27121296525001526,-0.00437872065231204
1790756624190731721,pose,-0.17333616316318512,-0.8894761204719543,0.2711230218410492,-0.004412388429045677
1790756624199802703,pose,-0.17409250140190125,-0.8895078897476196,0.27105623483657837,-0.004445499740540981
1790756624210815482,pose,-0.17484043538570404,-0.8895428776741028,0.2710118889808655,-0.00447738915681839
1790756624218528650,pose,-0.17558011412620544,-0.8895810842514038,0.27098947763442993,-0.004506473429501057
1790756624295183836,pose,-0.17702098190784454,-0.8896344304084778,0.27095305919647217,-0.004562288522720337
1790756624303850068,pose,-0.17773033678531647,-0.889665961265564,0.2709665596485138,-0.004588245879858732
1790756624318880953,pose,-0.17912831902503967,-0.8897385001182556,0.2710537910461426,-0.004635391756892204
1790756624453018647,pose,-0.1820100098848343,-0.8891069889068604,0.2713203728199005,-0.004704826045781374
1790756624460430967,pose,-0.18311478197574615,-0.8887122869491577,0.27094775438308716,-0.004745677579194307
1790756624552283166,pose,-0.1842026561498642,-0.8883298635482788,0.27060467004776,-0.004781715106219053
1790756624561858835,pose,-0.18528924882411957,-0.8879441618919373,0.270290344953537,-0.0048125386238098145
1790756624566939573,pose,-0.1863599717617035,-0.8875701427459717,0.2700038254261017,-0.004862575326114893
1790756624575108057,pose,-0.18741516768932343,-0.887207567691803,0.26974424719810486,-0.004911195952445269
1790756624667180911,pose,-0.1894810050725937,-0.8865154981613159,0.26927798986434937,-0.005000262521207333
1790756624676669798,pose,-0.19049261510372162,-0.8861856460571289,0.26907050609588623,-0.005043849814683199
1790756624684550051,pose,-0.19149041175842285,-0.8858662247657776,0.26888760924339294,-0.005085564684122801
1790756624691364840,pose,-0.1924748569726944,-0.8855568170547485,0.26872870326042175,-0.005126939155161381
